Address 1,Address 2,Address 3,Postcode,Permitted Occupants,Licence Issue Date,Licence Expiry Date,Licence Number
Flat 1b                         ,1,Abbeydale Road,S7 1FA,7,17-Nov-23,20-Jun-28,6272
Flat 1a                         ,1,Abbeydale Road,S7 1FA,6,17-Nov-23,20-Jun-28,6271
Flat 1c                         ,1,Abbeydale Road,S7 1FA,6,17-Nov-23,20-Jun-28,6273
Flat 1d                         ,1,Abbeydale Road,S7 1FA,6,17-Nov-23,20-Jun-28,6274
Flat 1e                         ,1,Abbeydale Road,S7 1FA,6,17-Nov-23,20-Jun-28,6275
                                ,47,Abbeydale Road,S7 1FA,5,07-Aug-23,08-May-28,6228
                                ,53,Abbeydale Road,S7 1FA,6,16-Aug-21,16-Aug-26,5428
                                ,61,Abbeydale Road,S7 1FA,5,09-Jul-25,01-Jun-29,6561
                                ,11-Oct,Abbeydale Road,S7 1FJ,5,16-Oct-23,10-Sep-28,6261
                                ,287,Abbeydale Road,S7 1FJ,5,08-Feb-24,07-Feb-29,6469
                                ,301,Abbeydale Road,S7 1FJ,6,29-Oct-22,28-Oct-27,6435
                                ,384,Abbeydale Road,S7 1FP,5,07-Sep-22,21-Dec-26,5939
                                ,416,Abbeydale Road,S7 1FQ,5,20-May-22,05-Apr-27,5771
                                ,729,Abbeydale Road,S7 2BG,5,27-Feb-23,14-Dec-27,6127
                                ,218,Abbeyfield Road,S4 7AZ,6,28-Feb-23,31-Oct-27,6154
                                ,116-118,Abbeyfield Road,S4 7AY,22,07-Feb-22,12-Jan-26,5672
                                ,208-210,Abbeyfield Road,S4 7AZ,5,08-Aug-23,05-Jun-28,6227
                                ,4,Agden Road,S7 1LY,11,01-Nov-21,02-Jun-26,5519
                                ,4,Ainsley Road,S10 1EU,5,23-Jan-24,12-Nov-28,6302
                                ,14,Ainsley Road,S10 1EU,5,20-Mar-24,04-Sep-28,6348
                                ,152,Albert Road,S8 9RA,5,26-Jan-21,25-Jan-26,4983
                                ,14,Alderson Place,S2 4UG,6,22-Nov-21,13-Oct-25,5547
                                ,48,Alderson Road,S2 4UD,5,08-Oct-21,27-Apr-26,5487
                                ,58-60,Aldred Road,S10 1PD,8,09-Feb-23,08-Feb-28,6103
                                ,84,Andover Street,S3 9EH,7,30-Nov-21,25-Jan-26,5574
                                ,,Apartment 7 100a Matilda Street,S1 4QF,0,14-Mar-23,08-Jun-27,6156
                                ,45,Archer Lane,S7 2BU,8,23-Nov-22,13-Jul-27,6059
Murray Building                 ,18,Arley Street,S2 4QP,8,05-Aug-21,11-Apr-26,5414
                                ,8,Ashdell Road,S10 3DA,5,30-May-22,11-Jan-27,5798
                                ,26,Ashdell Road,S10 3DA,5,20-Jun-25,12-Jan-30,6536
                                ,4a,Ashdell Road,S10 3DA,6,14-Jul-25,05-Jan-30,6570
                                ,35,Ashford Road,S11 8XZ,5,09-Nov-21,15-Jul-26,5536
                                ,14,Ashgate Road,S10 3BZ,8,16-Feb-22,27-Nov-25,5709
                                ,16,Ashgate Road,S10 3BZ,8,04-Nov-21,11-Sep-25,5525
                                ,20,Ashgate Road,S10 3BZ,13,05-Jun-25,07-Dec-29,6525
                                ,4,Bankfield Road,S6 4RD,6,20-Jun-25,24-Sep-29,6517
                                ,28,Bannerdale Road,S7 2DL,5,19-Mar-25,03-Jun-29,6483
                                ,35,Barber Road,S10 1EA,6,08-Feb-22,27-Sep-26,5682
                                ,39,Barber Road,S10 1EA,5,25-Jul-22,24-Aug-26,5883
                                ,47,Barber Road,S10 1EA,5,12-Jul-22,08-May-27,5864
                                ,73,Barber Road,S10 1EB,5,07-Jul-25,09-Jul-29,6555
                                ,75,Barber Road,S10 1EB,5,19-Oct-21,30-Nov-25,5499
                                ,89,Barber Road,S10 1EB,5,15-Jul-25,16-Dec-29,6540
                                ,93,Barber Road,S10 1EB,5,22-Nov-22,31-Jul-27,6050
                                ,42-44,Barber Road,S10 1ED,5,01-Oct-21,19-Jan-26,5478
                                ,365,Barnsley Road,S5 7AA,6,30-May-22,11-Jan-27,5800
                                ,2,Beaufort Road,S10 2ST,6,05-Apr-22,17-Mar-26,5729
                                ,4,Beaufort Road,S10 2ST,6,22-Jun-23,23-Apr-28,6197
                                ,10,Beaufort Road,S10 2ST,7,17-Mar-23,08-Nov-27,6069
                                ,20,Beaufort Road,S10 2ST,7,12-Jul-23,14-May-28,6210
                                ,89,Beaumont Road North,S2 1RS,7,16-Jan-24,15-Jan-29,6464
                                ,27,Beech Hill Road,S10 2SA,6,19-May-21,26-Sep-25,5296
                                ,30,Beech Hill Road,S10 2SB,7,20-Dec-21,22-Aug-25,5620
                                ,31,Beech Hill Road,S10 2SA,7,23-Feb-21,17-Nov-25,5064
                                ,34,Beech Hill Road,S10 2SB,8,21-Jul-25,16-Feb-30,6573
                                ,87,Beech Hill Road,S10 2SA,5,28-Oct-20,27-Oct-25,4894
                                ,12,Beehive Road,S10 1EP,5,03-Jun-25,22-Jul-29,6523
                                ,21,Beehive Road,S10 1EP,5,14-Apr-25,30-Sep-29,6490
Victoria Chambers               ,15,Beeley Street,S2 4LP,8,25-Jul-25,18-Jan-30,6581
                                ,189a,Bellhouse Road,S5 6HQ,5,26-Nov-20,27-Nov-25,4917
"Apartment 1, Bells Apartments   ",8,Bells Square,S1 2FY,5,15-Jul-25,02-Dec-29,6546
"Apartment 2, Bells Apartments   ",8,Bells Square,S1 2FY,5,20-Aug-25,03-Dec-29,6586
Park House                      ,81,Bernard Street,S2 5PU,18,15-Mar-24,10-Dec-28,6345
The Wharncliffe                 ,127,Bevercotes Road,S5 6HB,21,21-Nov-22,02-May-27,6044
                                ,46,Blakeney Road,S10 1FE,0,29-Aug-23,19-Sep-28,6238
                                ,12,Bolsover Street,S3 7NA,6,17-Aug-21,01-Sep-25,5430
                                ,14,Bolsover Street,S3 7NA,6,02-Aug-22,23-Nov-26,5895
                                ,28,Bower Road,S10 1ER,6,01-Sep-23,23-Jun-28,6244
                                ,36,Bower Road,S10 1ER,5,12-Apr-22,21-Jul-26,5737
                                ,40,Bower Road,S10 1ER,5,17-Jun-22,01-Jan-27,5841
                                ,41,Bower Road,S10 1ER,6,25-Oct-21,09-Aug-26,5505
                                ,49,Bower Road,S10 1ER,9,16-Jun-22,05-Feb-27,5836
                                ,58,Bower Road,S10 1ER,6,17-Feb-21,21-Oct-25,5040
                                ,73,Bower Road,S10 1ER,9,14-Oct-22,20-Dec-25,5970
                                ,79,Bower Road,S10 1ER,6,08-Mar-24,27-Nov-27,6333
                                ,19a,Bower Road,S10 1ER,9,18-Jul-23,21-Mar-28,6213
                                ,19c,Bower Road,S10 1ER,6,19-Jul-23,13-Jan-28,6218
                                ,16,Bowood Road,S11 8YG,5,16-Feb-21,02-Feb-26,5033
                                ,100,Bradley Street,S10 1PB,5,21-May-24,03-Jan-29,6425
                                ,4,Bramwell Drive,S3 7PE,6,16-Oct-23,04-Aug-28,6259
                                ,10,Brandreth Close,S6 3JW,8,17-Nov-22,15-Mar-27,6028
                                ,12,Brandreth Close,S6 3JW,11,24-Mar-23,02-Mar-27,6161
                                ,36,Brighton Terrace Road,S10 1NU,6,12-Aug-24,11-Aug-29,6465
                                ,1a,Bristol Road,S11 8RL,11,15-Nov-22,21-Nov-27,6005
                                ,42,Brocco Bank,S11 8RR,6,09-Jun-22,13-Apr-27,5828
                                ,58,Brocco Bank,S11 8RR,7,28-Mar-23,29-Oct-25,6162
                                ,66,Brocco Bank,S11 8RS,5,18-May-21,02-Mar-26,5292
                                ,68,Brocco Bank,S11 8RS,5,30-Nov-20,16-Aug-25,4920
The Albion                      ,4,Brook Drive,S3 7HN,9,05-Apr-24,08-Jan-29,6379
The Albion                      ,4a,Brook Drive,S3 7HN,8,03-Apr-24,03-Jan-29,6381
                                ,24,Brookfield Road,S7 1DW,6,18-Nov-22,02-Apr-27,6033
                                ,5,Broom Street,S10 2DA,5,01-Jun-22,26-Sep-26,5818
                                ,9,Broom Street,S10 2DA,6,09-Feb-23,24-Feb-28,6109
                                ,11,Broom Street,S10 2DA,6,10-Feb-23,24-Feb-28,6110
                                ,15,Broom Street,S10 2DA,6,26-Aug-25,16-Apr-30,6602
                                ,17,Broom Street,S10 2DA,6,22-Aug-22,14-Apr-27,5913
                                ,19,Broom Street,S10 2DA,6,10-Feb-23,25-Feb-28,6112
                                ,21,Broom Street,S10 2DA,6,02-Mar-23,25-Feb-28,6132
                                ,23,Broom Street,S10 2DA,6,09-Oct-23,24-Jul-28,6253
                                ,25,Broom Street,S10 2DA,6,21-Sep-23,24-Apr-28,6247
Flat B                          ,7,Broomgrove Crescent,S10 2LQ,6,17-Feb-25,04-Feb-29,6476
Flat B                          ,9,Broomgrove Crescent,S10 2LQ,6,02-Oct-23,01-Oct-28,6416
                                ,13,Broomgrove Crescent,S10 2LQ,8,20-Aug-25,27-Jan-30,6589
                                ,47,Broomgrove Road,S10 2NA,8,09-Mar-21,05-Sep-25,5095
                                ,68,Broomgrove Road,S10 2NA,8,08-Jul-25,03-Jan-30,6533
                                ,108,Broomgrove Road,S10 2NA,6,30-Jul-21,06-Mar-26,5407
                                ,110,Broomgrove Road,S10 2NA,9,28-Jun-21,19-Sep-25,5359
"Flat D, Fairfield House         ",1,Broomhall Road,S10 2DN,5,08-Apr-24,08-Jan-29,6389
"The Coach House, Fairfield Hou  ",1,Broomhall Road,S10 2DN,7,08-May-24,28-Jan-29,6405
"Flat C, Fairfield House         ",1,Broomhall Road,S10 2DN,6,08-Apr-24,10-Jan-29,6388
"Flat A, Fairfield House         ",1,Broomhall Road,S10 2DN,7,05-Apr-24,23-Jan-29,6386
"Flat B, Fairfield House         ",1,Broomhall Road,S10 2DN,7,03-Apr-24,27-Jan-29,6364
"Flat E, Fairfield House         ",1,Broomhall Road,S10 2DN,6,08-Apr-24,22-Jan-29,6387
"Flat 6, Broomhall Court         ",6,Broomhall Road,S10 2DN,5,19-Feb-24,18-Feb-29,6449
"Flat 5, Broomhall Court         ",6,Broomhall Road,S10 2DN,5,08-Jun-23,07-Jun-28,6185
                                ,24,Broomhall Road,S10 2DR,8,08-May-24,03-Jan-29,6409
                                ,24a,Broomhall Road,S10 2DR,6,08-May-24,07-Jan-29,6408
                                ,192,Broomhall Street,S3 7SQ,6,18-May-22,24-Oct-26,5750
                                ,194,Broomhall Street,S3 7SQ,6,27-Jul-22,14-Apr-27,5876
Flat C                          ,210,Broomhall Street,S3 7SQ,5,12-Jan-24,01-Nov-28,6300
                                ,228,Broomhall Street,S3 7SQ,7,04-Oct-21,14-May-26,5482
                                ,232,Broomhall Street,S3 7SQ,5,03-Apr-24,18-Dec-28,6367
                                ,103,Broomspring Lane,S10 2FD,5,11-Jul-25,11-Jan-30,6565
                                ,105,Broomspring Lane,S10 2FD,5,26-Sep-22,29-Aug-26,5952
                                ,109,Broomspring Lane,S10 2FD,7,26-Mar-21,09-Oct-25,5152
                                ,111,Broomspring Lane,S10 2FD,7,19-Mar-21,09-Oct-25,5131
                                ,113,Broomspring Lane,S10 2FD,5,26-Sep-22,27-Jul-26,5953
                                ,182,Broomspring Lane,S10 2FE,10,25-May-22,31-Aug-26,5784
                                ,9,Bruce Road,S11 8QD,5,19-May-25,21-Dec-29,6502
                                ,25,Bruce Road,S11 8QD,5,08-Feb-22,04-Oct-26,5680
                                ,23,Brunswick Street,S10 2FJ,5,14-Jul-25,07-Jan-30,6571
                                ,27,Brunswick Street,S10 2FJ,6,15-Jul-25,16-Dec-29,6542
                                ,51,Brunswick Street,S10 2FL,6,09-Jun-23,08-Jun-28,6187
                                ,21-Feb,Brunswick Street,S10 2FL,5,26-Jul-23,06-May-28,6219
                                ,54,Brunswick Street,S10 2FL,6,09-Jun-21,27-Apr-26,5345
                                ,55,Brunswick Street,S10 2FL,5,01-Aug-25,20-Jan-30,6598
                                ,68,Brunswick Street,S10 2FL,5,13-Jul-23,12-Jul-28,6211
                                ,70,Brunswick Street,S10 2FL,7,08-Jan-24,02-Aug-28,6263
                                ,71,Brunswick Street,S10 2FL,6,14-Feb-23,04-Dec-27,6108
                                ,74,Brunswick Street,S10 2FL,9,02-Jan-25,28-Nov-29,6466
                                ,77,Brunswick Street,S10 2FL,6,16-Feb-22,02-Nov-25,5710
                                ,79,Brunswick Street,S10 2FL,6,18-Feb-21,14-Aug-25,5044
                                ,80,Brunswick Street,S10 2FL,9,17-Aug-21,01-Sep-25,5432
                                ,83,Brunswick Street,S10 2FL,6,06-Oct-21,02-Jun-26,5485
Walkley House                   ,,Burnaby Crescent,S6 2RZ,45,11-Nov-21,15-Feb-26,5526
                                ,13,Burngreave Road,S3 9DA,10,28-May-24,27-May-29,6450
                                ,32,Burngreave Road,S3 9DD,7,09-Feb-22,08-Feb-27,5687
                                ,44,Burngreave Road,S3 9DD,6,30-Aug-21,21-Mar-26,5448
                                ,77,Burngreave Road,S3 9DF,6,03-Apr-24,02-Apr-29,6366
                                ,81,Burngreave Road,S3 9DF,6,09-May-23,27-Jun-27,6180
Burngreave B&B                  ,91-93,Burngreave Road,S3 9DF,17,23-Nov-21,04-Mar-26,5552
                                ,6,Burns Road,S6 3GJ,5,10-Oct-23,21-Jul-28,6257
                                ,14,Burns Road,S6 3GJ,5,13-Aug-25,04-Feb-30,6582
                                ,52,Burns Road,S6 3GL,5,17-Nov-22,15-Mar-27,6030
                                ,54,Burns Road,S6 3GL,5,01-Feb-22,15-Nov-26,5661
                                ,81,Burns Road,S6 3GL,5,04-May-21,20-Mar-26,5235
                                ,87,Burns Road,S6 3GL,5,03-Jan-24,24-Oct-28,6293
                                ,07-Jan,Carter Knowle Road,S7 2DX,6,18-May-22,19-Aug-26,5763
                                ,27,Carter Knowle Road,S7 2DW,6,09-Mar-23,30-Nov-27,6137
                                ,33,Carter Knowle Road,S7 2DW,7,31-Jul-25,20-Feb-29,6591
                                ,35,Carter Knowle Road,S7 2DW,6,29-Feb-24,28-Feb-29,6462
                                ,41,Carterknowle Road,S7 2DW,6,14-Mar-23,07-May-27,6142
                                ,5,Cemetery Avenue,S11 8NT,5,09-Jul-24,08-Jul-29,6326
                                ,6,Cemetery Avenue,S11 8NT,5,14-Aug-20,13-Aug-25,4860
                                ,7,Cemetery Avenue,S11 8NT,5,21-Jul-25,11-Jan-30,6575
                                ,8,Cemetery Avenue,S11 8NT,5,14-Jun-22,08-May-27,5832
                                ,12,Cemetery Avenue,S11 8NT,5,20-Aug-25,21-Apr-30,6585
                                ,17,Cemetery Avenue,S11 8NT,5,08-Aug-25,13-Dec-29,6619
                                ,18,Cemetery Avenue,S11 8NT,5,27-Aug-25,14-Dec-29,6609
                                ,19,Cemetery Avenue,S11 8NT,5,28-Apr-21,01-Mar-26,5217
                                ,22,Cemetery Avenue,S11 8NT,0,27-Aug-25,15-Sep-29,6612
                                ,24,Cemetery Avenue,S11 8NT,5,02-Jun-22,01-Jun-27,5809
                                ,26,Cemetery Avenue,S11 8NT,5,28-Nov-23,27-Nov-28,6318
                                ,30,Cemetery Avenue,S11 8NT,5,24-May-22,09-Jan-27,5778
                                ,31,Cemetery Avenue,S11 8NT,6,30-Aug-23,30-May-28,6239
                                ,33,Cemetery Avenue,S11 8NT,6,05-Mar-25,01-Feb-29,6477
Flat 2                          ,9,Cemetery Road,S11 8FJ,5,08-May-24,30-Jan-29,6407
                                ,154,Cemetery Road,S11 8FR,5,07-May-24,08-Jan-29,6402
                                ,181,Cemetery Road,S11 8FQ,5,01-Sep-23,20-Aug-28,6242
                                ,195,Cemetery Road,S11 8FQ,5,19-Jul-22,17-Jan-27,5872
                                ,207,Cemetery Road,S11 8FQ,7,17-May-22,27-Mar-27,5760
                                ,209,Cemetery Road,S11 8FQ,6,26-Apr-23,24-Jan-28,6165
                                ,235,Cemetery Road,S11 8FQ,6,26-Aug-25,26-Jan-30,6604
                                ,289,Cemetery Road,S11 8FS,6,02-Nov-21,08-Jun-26,5522
                                ,17a,Cemetery Road,S11 8FJ,6,14-Apr-25,20-Mar-29,6489
                                ,8 & 10,Chandos Street,S10 2PP,8,02-Jun-22,01-Jun-27,5810
                                ,51,Charlotte Road,S1 4TJ,6,22-Dec-21,26-Oct-26,5626
                                ,72,Charlotte Road,S1 4TL,5,23-Nov-21,29-Jul-26,5557
                                ,96,Charlotte Road,S1 4TL,5,21-Feb-22,02-Feb-27,5712
                                ,104,Charlotte Road,S1 4TL,5,09-Feb-22,31-Dec-25,5690
                                ,127,Charlotte Road,S2 4EQ,5,10-Aug-22,09-Aug-27,6114
                                ,140,Charlotte Road,S2 4EQ,5,27-Jul-22,13-Aug-26,5886
                                ,144,Charlotte Road,S2 4EQ,5,27-Sep-21,23-Jul-26,5471
                                ,145,Charlotte Road,S2 4EQ,5,08-Mar-24,08-Nov-28,6329
                                ,159,Charlotte Road,S2 4EQ,5,23-Nov-22,13-Aug-27,6062
                                ,165,Charlotte Road,S2 4EQ,5,10-Nov-22,01-Nov-26,6000
                                ,66-68,Charlotte Road,S1 4TL,5,05-Mar-24,08-Nov-28,6323
                                ,109,Cherry Street,S2 4FF,6,01-Mar-24,28-Feb-29,6451
                                ,111,Cherry Street,S2 4FF,5,21-Jun-23,03-Jul-28,6191
                                ,229,Chesterfield Road,S8 0RP,6,13-Sep-21,08-Jun-26,5469
                                ,561,Chesterfield Road,S8 0RW,6,19-Mar-25,13-Feb-29,6484
                                ,104a,Chesterfield Road,S8 0RS,6,21-Mar-24,11-Dec-28,6349
                                ,649-651,Chesterfield Road,S8 0RY,6,28-Jun-23,01-Apr-28,6204
                                ,200,Chippinghouse Road,S7 1DR,5,21-Mar-24,08-Feb-28,6351
                                ,204,Chippinghouse Road,S7 1DR,7,23-Nov-23,30-Sep-28,6278
                                ,3,Christ Church Road,S3 9HN,8,26-Aug-25,28-Apr-30,6605
                                ,91,City Road,S2 5HF,5,20-Oct-21,29-Jun-26,5502
                                ,129,City Road,S2 5HF,6,16-May-22,15-Feb-27,5755
                                ,137,City Road,S2 5HF,5,05-Jul-22,30-Apr-27,5856
                                ,269,City Road,S2 5HG,10,30-Nov-21,07-Mar-26,5571
                                ,290,City Road,S2 5HQ,5,05-Aug-25,08-Sep-29,6606
                                ,356,City Road,S2 1GA,5,08-Oct-21,10-May-26,5490
                                ,399,City Road,S2 1GB,7,20-Jul-21,13-Jan-26,5392
                                ,810,City Road,S2 1GN,6,10-Aug-23,28-Jun-28,6230
                                ,6,Clarke Dell,S10 2NR,9,08-Jun-21,06-Jul-26,5823
                                ,22,Clarke Square,S2 4NZ,5,08-Nov-23,07-Nov-28,6331
                                ,8,Clarke Street,S10 2BS,11,30-Aug-23,24-Jul-28,6237
                                ,18,Clarke Street,S10 2BS,6,20-Dec-22,01-Jun-27,6084
                                ,65,Clarkegrove Road,S10 2NH,7,08-Aug-22,13-Feb-27,5900
                                ,78,Clarkegrove Road,S10 2NJ,10,08-Jul-25,16-Dec-29,6532
                                ,6,Clarkehouse Road,S10 2LB,5,03-Nov-22,15-Aug-27,5986
                                ,8,Clarkehouse Road,S10 2LB,5,15-Nov-22,17-Aug-27,6016
                                ,10,Clarkehouse Road,S10 2LB,5,10-Aug-22,05-Dec-26,5903
                                ,14,Clarkehouse Road,S10 2LB,5,22-Feb-23,01-Sep-27,6124
                                ,29,Clarkehouse Road,S10 2LA,8,02-Jun-22,01-Jan-27,5811
                                ,65,Clarkehouse Road,S10 2LG,10,17-Apr-24,22-Feb-29,6396
                                ,1,Clarkson Street,S10 2TQ,19,26-May-21,22-Feb-26,5314
                                ,7,Claywood Road,S2 2TJ,6,20-Dec-22,15-Aug-25,6089
                                ,24,Clementson Road,S10 1GS,8,06-Feb-23,27-Nov-27,6105
                                ,55,Clementson Road,S10 1GS,7,15-Feb-22,18-Sep-25,5704
                                ,56,Clough Road,S1 4TB,5,19-Mar-25,27-Feb-29,6481
                                ,60,Clough Road,S1 4TB,4,19-May-22,13-Mar-27,5767
                                ,67,Clough Road,S1 4TA,5,30-Aug-22,29-May-27,5929
                                ,71,Clough Road,S1 4TA,5,11-Apr-22,01-Mar-27,5733
                                ,85,Clough Road,S1 4TA,7,01-Apr-24,30-Jan-29,6377
                                ,87,Clough Road,S1 4TA,5,13-May-21,13-Mar-26,5280
                                ,84,Club Garden Road,S11 8BW,7,18-May-22,07-Dec-26,5751
                                ,98,Club Garden Road,S11 8BW,5,10-Jun-22,30-Sep-26,5830
                                ,99,Club Garden Road,S11 8BW,5,21-Nov-22,15-Apr-27,6041
                                ,106,Club Garden Road,S11 8BW,6,24-Nov-21,23-Nov-26,5562
                                ,119,Club Garden Road,S11 8BW,5,08-Aug-23,01-May-28,6223
                                ,121,Club Garden Road,S11 8BW,6,20-Dec-22,05-Nov-27,6082
                                ,29,Club Street,S11 8DE,5,18-Feb-22,17-Feb-27,5707
                                ,31,Club Street,S11 8DE,5,18-Feb-22,17-Feb-27,5706
                                ,9,Cobden Place,S10 1HL,6,26-Jul-23,14-Jun-28,6215
                                ,6,Cobden View Road,S10 1HQ,5,01-Aug-23,27-Apr-28,6225
                                ,74,Cobden View Road,S10 1HS,5,25-Jul-25,06-Jan-30,6580
                                ,88,Cobden View Road,S10 1HS,5,07-Jul-25,02-Jun-29,6554
                                ,126,Cobden View Road,S10 1HS,6,07-Jul-25,23-Sep-29,6529
                                ,130,Cobden View Road,S10 1HS,6,09-Apr-25,17-Nov-29,6487
                                ,151,Cobden View Road,S10 1HT,5,16-Oct-23,03-Aug-28,6260
                                ,27,Colister Drive,S9 4HG,7,12-Mar-24,16-Dec-28,6335
                                ,17,College Street,S10 2PH,6,15-Nov-22,02-May-27,6015
Flat 1                          ,43,Collegiate Crescent,S10 2BR,6,14-Feb-25,19-Feb-29,6474
                                ,10,Colver Road,S2 4UP,5,16-May-25,13-Nov-29,6509
                                ,22,Colver Road,S2 4UP,7,17-Mar-23,12-Dec-27,6153
                                ,19,Common Side,S10 1GA,6,12-Jul-21,15-May-26,5377
                                ,81,Common Side,S10 1GF,7,05-Apr-23,04-Apr-28,6166
                                ,87,Common Side,S10 1GF,7,26-May-22,27-Jan-26,5792
                                ,19a,Common Side,S10 1GA,6,12-Jul-21,15-May-26,5378
1 Steelbank Villas              ,,Common Side,S10 1GB,8,08-Jan-21,09-Sep-25,4979
4 Steelbank Villas              ,,Common Side,S10 1GB,6,06-Sep-23,18-Oct-27,6245
6 Steelbank Villas              ,,Common Side,S10 1GB,5,01-Jul-22,19-Dec-26,5848
                                ,25,Conduit Road,S10 1EW,8,26-Mar-21,11-Sep-25,5153
                                ,33,Conduit Road,S10 1EW,6,21-Dec-22,20-Oct-27,6091
                                ,23a,Conduit Road,S10 1EW,5,15-May-24,28-Jan-29,6414
                                ,57,Countess Road,S1 4TE,5,15-Jul-25,09-Jan-30,6541
                                ,45,Cowlishaw Road,S11 8XE,6,08-Aug-25,14-Sep-29,6621
                                ,85,Cowlishaw Road,S11 8XG,6,26-Aug-25,20-Dec-29,6601
                                ,118,Cowlishaw Road,S11 8XH,6,22-Nov-21,25-Apr-26,5549
                                ,84,Crookes,S10 1UG,5,25-Oct-21,29-Jun-26,5504
                                ,138,Crookes,S10 1UH,6,28-Oct-20,27-Oct-25,4892
                                ,156,Crookes,S10 1UH,5,03-Jan-22,31-Oct-27,6086
                                ,240,Crookes,S10 1TH,6,05-Mar-24,10-Jan-29,6324
                                ,41,Crookes Road,S10 5BA,9,20-Oct-23,11-Sep-28,6266
                                ,43,Crookes Road,S10 5BA,9,09-Mar-21,25-Jan-26,5097
                                ,53,Crookes Road,S10 5BD,6,05-May-23,12-Dec-26,6178
                                ,59,Crookes Road,S10 5BD,5,14-Dec-21,04-Jan-26,5607
                                ,61,Crookes Road,S10 5BD,5,23-Nov-23,11-Sep-28,6277
                                ,39a,Crookes Road,S10 5BA,6,12-Sep-23,11-Sep-28,6270
                                ,39b,Crookes Road,S10 5BA,6,10-Sep-23,11-Sep-28,6283
                                ,39c,Crookes Road,S10 5BA,6,18-Oct-23,11-Sep-28,6264
                                ,199,Crookes Valley Road,S10 1BA,6,01-Dec-21,03-Jun-26,5581
                                ,201,Crookes Valley Road,S10 1BA,5,13-May-21,03-Apr-26,5278
The Vestry                      ,80,Crookesmoor Road,S6 3FR,6,15-May-24,30-Jan-29,6412
The Vestry                      ,84,Crookesmoor Road,S6 3FR,7,15-May-24,23-Jan-29,6413
House D The Vestry              ,86,Crookesmoor Road,S6 3FR,5,26-Mar-24,03-Aug-28,6354
House E The Vestry              ,88,Crookesmoor Road,S6 3FR,5,26-Mar-24,03-Aug-28,6356
                                ,138,Crookesmoor Road,S6 3FS,6,07-Oct-21,30-Jun-26,5491
                                ,144,Crookesmoor Road,S6 3FS,10,21-Apr-22,28-Mar-27,5740
                                ,158,Crookesmoor Road,S6 3FS,5,21-Jul-25,05-Jan-30,6572
                                ,196,Crookesmoor Road,S10 1BE,5,07-Dec-23,31-Oct-28,6288
                                ,220,Crookesmoor Road,S10 1BE,6,05-Apr-22,06-Sep-27,6167
                                ,222,Crookesmoor Road,S10 1BE,6,17-Nov-22,13-Mar-27,6031
                                ,224,Crookesmoor Road,S10 1BE,5,14-Feb-24,02-Dec-28,6320
                                ,227,Crookesmoor Road,S6 3FQ,6,25-Mar-21,13-Jan-26,5148
                                ,233,Crookesmoor Road,S6 3FQ,7,24-May-22,09-Aug-26,5775
                                ,237,Crookesmoor Road,S6 3FQ,6,21-Jul-21,03-Mar-26,5397
                                ,240,Crookesmoor Road,S10 1BE,6,27-Aug-20,26-Aug-25,6128
                                ,250,Crookesmoor Road,S10 1BE,5,13-May-25,17-Sep-29,6496
                                ,253,Crookesmoor Road,S6 3FQ,6,24-Aug-22,22-May-27,5920
                                ,254,Crookesmoor Road,S10 1BE,5,27-Aug-25,06-Jan-30,6613
                                ,282,Crookesmoor Road,S10 1BE,5,24-Aug-22,09-Jan-27,5921
                                ,327,Crookesmoor Road,S10 1BD,7,07-Feb-21,03-Dec-25,4974
                                ,329,Crookesmoor Road,S10 1BD,6,07-Jul-25,15-Dec-29,6530
                                ,335,Crookesmoor Road,S10 1BD,7,18-Feb-21,09-Nov-25,5043
                                ,339,Crookesmoor Road,S10 1BD,9,09-Feb-21,09-Oct-25,5008
Flat 1                          ,341,Crookesmoor Road,S10 1BD,5,27-Aug-25,19-Dec-28,6608
Flat 3                          ,343,Crookesmoor Road,S10 1BD,5,08-Aug-25,04-Dec-29,6620
                                ,346,Crookesmoor Road,S10 1BH,7,02-Feb-21,13-Nov-25,4991
                                ,350,Crookesmoor Road,S10 1BH,9,24-Feb-22,02-May-26,5715
                                ,353,Crookesmoor Road,S10 1BD,7,15-Mar-23,05-Oct-25,6144
                                ,355,Crookesmoor Road,S10 1BD,8,05-Jul-22,02-Apr-27,5853
                                ,358,Crookesmoor Road,S10 1BH,7,04-Oct-21,12-Nov-25,5481
                                ,361,Crookesmoor Road,S10 1BD,9,09-Sep-22,12-Mar-26,5945
                                ,381,Crookesmoor Road,S10 1BD,7,07-May-22,06-May-27,6170
                                ,389,Crookesmoor Road,S10 1BD,6,04-Nov-22,07-Oct-27,6068
                                ,449,Crookesmoor Road,S10 1BD,10,10-Mar-21,05-Oct-25,5101
                                ,473,Crookesmoor Road,S10 1BG,6,27-Sep-22,24-Sep-26,5954
                                ,477,Crookesmoor Road,S10 1BG,6,19-Aug-21,07-Mar-26,5440
                                ,521,Crookesmoor Road,S10 1BJ,10,02-Aug-21,27-Jun-26,5410
                                ,529,Crookesmoor Road,S10 1BJ,6,09-Aug-22,01-Nov-26,5901
                                ,553,Crookesmoor Road,S10 1BJ,8,17-Aug-21,03-Mar-26,5433
                                ,557,Crookesmoor Road,S10 1BJ,7,29-Jul-22,02-Apr-27,5890
                                ,180a,Crookesmoor Road,S6 3FS,7,06-Apr-21,19-Oct-25,5170
                                ,383b,Crookesmoor Road,S10 1BD,7,19-Jul-22,14-Apr-27,5732
                                ,551a,Crookesmoor Road,S10 1BJ,8,03-Mar-21,07-Nov-25,5087
                                ,140,Cross Lane,S10 1WP,6,15-Nov-22,06-Aug-27,6014
                                ,8a,Cross Street,S13 7JR,5,20-Apr-21,26-Sep-25,5200
                                ,11,Denham Road,S11 8NE,6,22-Nov-22,21-Dec-26,6056
                                ,12,Denham Road,S11 8NE,5,20-Aug-25,01-Dec-29,6588
                                ,13,Denham Road,S11 8NE,5,22-Nov-22,20-Dec-26,6047
                                ,16,Denham Road,S11 8NE,5,11-May-21,09-Feb-26,5263
                                ,18,Denham Road,S11 8NE,0,09-Jan-24,01-Oct-28,6290
                                ,20,Denham Road,S11 8NE,5,17-Feb-23,20-Nov-27,6122
                                ,36,Denham Road,S11 8NE,5,23-Sep-24,06-Jan-29,6458
                                ,38,Denham Road,S11 8NE,7,15-Dec-21,16-Feb-26,5612
Rear Of                         ,38,Denham Road,S11 8NE,6,15-Dec-21,16-Feb-26,5614
                                ,44,Denham Road,S11 8NE,5,09-Oct-23,30-Oct-28,6252
Flat 4                          ,148,Devonshire Street,S3 7SF,6,29-Mar-24,01-Dec-28,6362
Flat 1                          ,148,Devonshire Street,S3 7SF,5,29-Mar-24,01-Dec-28,6371
Flat 2                          ,148,Devonshire Street,S3 7SF,6,27-Mar-24,01-Dec-28,6361
Flat 3                          ,148,Devonshire Street,S3 7SF,5,26-Mar-24,23-Dec-28,6357
                                ,61,Duchess Road,S2 4BL,5,22-Nov-22,15-Jul-27,6054
                                ,69,Duchess Road,S2 4BL,6,10-Aug-22,31-Aug-26,5902
                                ,77,Duchess Road,S2 4BL,5,07-Feb-23,07-Aug-27,6207
                                ,145,Duke Street,S2 5QL,14,25-May-22,31-Jul-26,5777
                                ,25-Jan,Dun Street,S3 8SL,5,08-Sep-22,07-Sep-27,5941
                                ,28,Dun Street,S3 8SL,5,08-Sep-22,07-Sep-27,5942
                                ,30,Dun Street,S3 8SL,5,07-Sep-22,06-Sep-27,5931
                                ,32,Dun Street,S3 8SL,5,12-Aug-22,11-Aug-27,5910
                                ,34,Dun Street,S3 8SL,5,11-Aug-22,10-Aug-27,5907
                                ,224,Ecclesall Road,S11 8JD,7,27-Aug-25,28-Dec-29,6615
                                ,232,Ecclesall Road,S11 8JD,7,12-Apr-22,21-Nov-26,5738
                                ,234,Ecclesall Road,S11 8JD,8,29-Mar-21,05-Oct-25,5157
                                ,236,Ecclesall Road,S11 8JD,9,19-Oct-21,03-Oct-25,5500
                                ,238,Ecclesall Road,S11 8JD,8,30-Mar-21,17-Aug-25,5165
                                ,244,Ecclesall Road,S11 8JD,7,20-Dec-22,19-Dec-27,6104
                                ,384,Ecclesall Road,S11 8PJ,8,28-May-21,21-Mar-26,5321
                                ,404,Ecclesall Road,S11 8PJ,6,08-Feb-22,16-Nov-26,5683
                                ,408,Ecclesall Road,S11 8PJ,6,01-Aug-25,15-Dec-29,6597
                                ,410,Ecclesall Road,S11 8PJ,6,01-Mar-22,26-Oct-25,5717
                                ,446,Ecclesall Road,S11 8PX,5,22-Feb-21,28-Jan-26,5020
Abbey House                     ,484,Ecclesall Road,S11 8PX,7,09-Feb-22,16-Aug-26,5685
                                ,486,Ecclesall Road,S11 8PX,8,28-Aug-23,05-Jul-28,6235
                                ,488,Ecclesall Road,S11 8PX,7,22-Nov-21,06-Nov-25,5521
                                ,536,Ecclesall Road,S11 8PY,7,18-Apr-24,13-Mar-29,6397
                                ,705,Ecclesall Road,S11 8TG,6,13-Aug-25,01-Jan-30,6577
                                ,06-Mar,Ecclesall Road,S11 8TD,5,10-Jun-22,28-Feb-27,5829
                                ,917,Ecclesall Road,S11 8TL,7,02-Feb-23,01-Feb-28,6101
                                ,925,Ecclesall Road,S11 8TL,6,24-Aug-23,23-Jul-28,6234
"Flats 1 To 14, The Old Bank     ",03-Jan,Ecclesall Road,S11 8HW,14,21-Jun-23,25-Jun-28,6199
                                ,273a,Ecclesall Road,S11 8NX,5,04-Nov-21,18-Sep-25,5527
                                ,294a,Ecclesall Road,S11 8PE,6,18-Jul-23,19-Jun-28,6216
                                ,533a,Ecclesall Road,S11 8PR,5,07-Sep-22,26-Nov-26,5940
                                ,544a,Ecclesall Road,S11 8QA,5,13-Feb-24,12-Feb-29,6453
                                ,149,Edmund Road,S2 4EG,6,14-Mar-24,27-Nov-28,6342
                                ,182,Edmund Road,S2 4EH,5,22-Nov-22,16-Jun-27,6053
                                ,198,Edmund Road,S2 4EH,5,01-Jun-22,04-Feb-27,5803
                                ,210,Edmund Road,S2 4EH,5,08-Jun-23,03-Feb-28,6186
                                ,212,Edmund Road,S2 4EH,6,04-May-23,04-Oct-27,6177
                                ,216,Edmund Road,S2 4EH,5,14-Mar-23,21-Oct-27,6143
                                ,220,Edmund Road,S2 4EH,6,09-Jul-25,01-Sep-29,6562
                                ,225,Edmund Road,S2 4EL,5,17-Mar-23,17-Mar-28,6151
                                ,227,Edmund Road,S2 4EL,5,16-Mar-23,15-Mar-28,6145
                                ,229,Edmund Road,S2 4EL,5,17-Mar-23,16-Mar-28,6148
                                ,248,Edmund Road,S2 4EN,5,06-Sep-21,24-Mar-26,5461
                                ,280,Edmund Road,S2 4EN,8,09-Sep-21,13-Dec-25,5465
                                ,290,Edmund Road,S2 4EN,5,02-Dec-21,10-Feb-26,5585
Solly B                         ,59,Edward Street,S3 7BY,5,13-Sep-23,15-Jul-26,5381
Solly C                         ,59,Edward Street,S3 7BY,7,11-Sep-23,21-Jun-28,6250
Solly D                         ,59,Edward Street,S3 7BY,6,04-Oct-23,16-Jul-26,6251
Solly G                         ,59,Edward Street,S3 7BY,5,26-Sep-23,21-Jun-28,6249
                                ,17,Elgin Street,S10 1UQ,5,03-Feb-24,02-Feb-29,6457
                                ,36,Elgin Street,S10 1UQ,5,09-Jan-24,27-Oct-28,6292
                                ,4,Ellison Street,S3 7JF,5,15-May-24,27-Jan-29,6411
                                ,2,Elmore Road,S10 1BY,7,25-Aug-22,27-Feb-26,5922
                                ,16,Elmore Road,S10 1BY,12,27-May-22,28-Feb-26,5795
                                ,22,Elmore Road,S10 1BY,8,11-Jun-25,13-Dec-29,6514
                                ,26,Endcliffe Terrace Road,S11 8RT,7,15-Sep-22,28-Jun-27,5951
                                ,32,Essex Road,S2 2RG,6,09-Oct-23,13-Jul-28,6254
                                ,88,Everton Road,S11 8RY,5,25-Jul-25,04-Feb-29,6578
                                ,61,Fairleigh,S2 1LB,6,03-Jun-25,27-Jan-30,6522
                                ,61b,Fairleigh,S2 1LB,6,15-Apr-25,01-Dec-29,6493
                                ,88b,Fawcett Street,S3 7PN,9,12-Aug-21,25-Jan-26,5423
                                ,88c,Fawcett Street,S3 7PN,9,23-Mar-22,25-Jan-26,5727
                                ,3,Fentonville Street,S11 8BA,6,26-May-22,15-Nov-26,5794
                                ,29,Fentonville Street,S11 8BA,6,02-Mar-21,15-Nov-25,5082
                                ,31,Fentonville Street,S11 8BA,6,11-Nov-22,04-Oct-26,6003
                                ,2,Filey Street,S10 2FF,6,07-Apr-21,24-Jan-26,5172
                                ,4,Filey Street,S10 2FF,5,07-Jul-25,21-Jul-29,6556
                                ,13,Filey Street,S10 2FF,6,27-Aug-25,03-Sep-29,6611
                                ,24,Filey Street,S10 2FG,8,03-Nov-22,02-Nov-27,5987
                                ,35,Filey Street,S10 2FG,6,08-Jul-22,10-Apr-27,5862
                                ,37,Filey Street,S10 2FG,6,08-Jul-22,14-Apr-27,5892
                                ,112,Firth Park Crescent,S5 6HE,5,02-Aug-21,30-Sep-25,5396
                                ,3d,Fitzwilliam Street,S1 4JP,5,14-Jun-23,10-Mar-28,6190
                                ,,Floor 3 1-3 King Street,S3 8LF,15,11-Aug-22,11-Aug-27,5906
                                ,,Floor 4 1-3 King Street,S3 8LF,15,11-Aug-22,11-Aug-27,5905
                                ,,Floor 5 1-3 King Street,S3 8LF,17,10-Aug-22,10-Aug-27,5904
                                ,77,Forres Road,S10 1WD,5,26-May-22,25-May-27,5789
                                ,25,Foxwood Avenue,S12 2FH,6,13-Jul-23,12-Jul-28,6212
                                ,315,Fulwood Road,S10 3BJ,6,02-Mar-21,26-Oct-25,5085
                                ,257a,Fulwood Road,S10 3BD,6,15-Jul-25,26-Jan-30,6543
                                ,271-273,Fulwood Road,S10 3BD,11,13-Jun-23,15-Aug-25,6193
Steel City                      ,60,Garden Street,S1 4BJ,7,09-Sep-22,05-Oct-26,5948
                                ,94,Gell Street,S3 7QW,6,29-Mar-24,13-Dec-28,6368
                                ,117,Gell Street,S3 7QT,5,30-Mar-21,13-Oct-25,5160
                                ,230,Gleadless Road,S2 3AF,5,15-Nov-22,23-Jul-27,6009
                                ,50,Glencoe Road,S2 2SR,6,28-Sep-22,15-Dec-25,5957
                                ,59,Glencoe Road,S2 2SQ,6,21-Apr-22,20-Apr-27,5741
                                ,69,Glencoe Road,S2 2SQ,7,01-Aug-22,14-Aug-26,5894
                                ,259,Glossop Road,S10 2GZ,5,16-May-25,30-May-29,6510
                                ,418,Glossop Road,S10 2JD,9,31-Aug-21,06-Dec-25,5452
                                ,423,Glossop Road,S10 2PR,6,08-Sep-21,17-Jun-26,5463
                                ,427,Glossop Road,S10 2PR,5,03-May-21,26-Aug-25,5231
                                ,433,Glossop Road,S10 2PR,7,07-Jul-25,23-Sep-29,6527
                                ,435,Glossop Road,S10 2PR,7,26-May-22,23-Oct-25,5769
                                ,437,Glossop Road,S10 2PR,6,22-Aug-22,16-Apr-27,5911
                                ,445,Glossop Road,S10 2PR,6,13-May-21,02-Feb-26,5281
                                ,447,Glossop Road,S10 2PR,7,15-Nov-22,23-Feb-27,6013
                                ,451,Glossop Road,S10 2PT,6,01-Jul-22,15-Apr-27,5847
Flat 3                          ,498,Glossop Road,S10 2QA,7,03-Aug-22,27-Jul-26,5897
Flat 2                          ,498,Glossop Road,S10 2QA,7,05-Aug-22,27-Jul-26,5899
Flat 1                          ,498,Glossop Road,S10 2QA,5,04-Apr-24,20-Nov-28,6301
                                ,355a,Glossop Road,S10 2HP,6,24-Mar-21,12-Oct-25,5146
                                ,497a,Glossop Road,S10 2QE,5,13-Mar-24,11-Dec-28,6341
                                ,47,Gower Street,S4 7JW,10,01-Jul-25,13-Mar-29,6548
                                ,16,Grange Crescent Road,S11 8FX,7,20-Jun-25,10-Dec-29,6518
                                ,257,Granville Road,S2 2RP,6,07-Sep-22,28-Jun-26,5938
                                ,277,Granville Road,S2 2RP,7,08-Sep-21,02-Apr-26,5476
                                ,322,Granville Road,S2 2RT,5,01-Jul-25,12-Jun-29,6547
                                ,91,Hadfield Street,S6 3RS,5,07-Feb-23,07-Nov-27,6107
                                ,77,Halifax Road,S6 1LA,7,17-May-22,21-Nov-26,5759
                                ,89,Halifax Road,S6 1LA,5,06-Mar-23,05-Mar-28,6220
                                ,3,Hanover Square,S3 7UA,7,26-Jul-22,07-Nov-27,6217
                                ,10,Hanover Square,S3 7UA,7,27-Mar-24,06-Jan-29,6363
                                ,15,Hanover Square,S3 7UA,6,05-May-21,04-May-26,5714
William Temple Vicarage         ,195,Harborough Avenue,S2 1QT,8,09-Jan-24,02-Dec-28,6291
                                ,2,Harcourt Crescent,S10 1DG,6,15-Feb-22,21-Dec-25,5703
                                ,9,Harcourt Crescent,S10 1DG,6,17-Feb-25,05-Feb-29,6475
                                ,12,Harcourt Road,S10 1DJ,6,22-Jul-22,17-Aug-26,5880
                                ,17,Harcourt Road,S10 1DH,9,07-Nov-23,06-Nov-28,6353
                                ,33,Harcourt Road,S10 1DH,6,24-Nov-21,27-Aug-26,5561
                                ,47,Harcourt Road,S10 1DH,6,12-May-21,11-Apr-26,5274
                                ,49,Harcourt Road,S10 1DH,6,25-Feb-21,10-Apr-26,5072
                                ,59,Harcourt Road,S10 1DH,7,31-May-22,27-Sep-26,5808
                                ,61,Harcourt Road,S10 1DH,7,04-Mar-21,19-Sep-25,5091
                                ,64,Harcourt Road,S10 1DJ,6,08-Aug-25,07-Dec-29,6618
                                ,71,Harcourt Road,S10 1DH,7,12-May-21,07-Apr-26,5270
                                ,72,Harcourt Road,S10 1DJ,8,20-Apr-21,01-Feb-26,5196
                                ,88,Harcourt Road,S10 1DJ,7,21-Nov-22,20-May-27,6043
                                ,93,Harcourt Road,S10 1DH,8,05-Jan-21,04-Jan-26,4982
                                ,104,Harcourt Road,S10 1DJ,8,17-May-22,16-May-27,5756
                                ,106,Harcourt Road,S10 1DJ,7,09-Nov-22,26-Jan-27,5993
                                ,110,Harcourt Road,S10 1DJ,7,30-Mar-21,12-Oct-25,5167
                                ,122,Harcourt Road,S10 1DJ,9,09-May-23,30-Apr-27,6171
                                ,130,Harcourt Road,S10 1DJ,9,10-Nov-22,13-Dec-26,5997
                                ,16,Harefield Road,S11 8NU,5,24-Jan-24,11-Nov-28,6304
                                ,17,Harefield Road,S11 8NU,5,18-May-22,19-Mar-27,5766
                                ,20,Harefield Road,S11 8NU,6,13-May-25,16-Sep-29,6492
                                ,24,Harefield Road,S11 8NU,5,22-Nov-22,02-Sep-27,6055
                                ,42,Harefield Road,S11 8NU,6,13-May-25,17-Dec-29,6491
                                ,43,Harefield Road,S11 8NU,5,31-Aug-23,05-Dec-27,6241
Harefield House Upper           ,45,Harefield Road,S11 8NU,9,07-Dec-23,12-Sep-28,6287
Harefield House Lower           ,45,Harefield Road,S11 8NU,7,07-Dec-23,12-Sep-28,6286
                                ,46,Harefield Road,S11 8NU,6,31-Jul-25,21-Aug-25,6592
                                ,18,Harland Road,S11 8NB,6,09-Jul-25,21-Dec-29,6563
                                ,24,Harland Road,S11 8NB,5,01-Aug-25,21-Apr-30,6599
                                ,32,Harland Road,S11 8NB,7,06-Oct-22,27-Apr-26,5968
                                ,9,Havelock Street,S10 2FP,6,18-May-21,09-Mar-26,5294
                                ,30,Havelock Street,S10 2FP,6,18-Jul-23,03-Jun-26,6214
                                ,36,Havelock Street,S10 2FP,5,11-Jul-25,13-Dec-29,6538
                                ,2,Hawthorn Road,S6 4LG,5,24-Oct-23,14-Aug-28,6262
                                ,97,Heavygate Road,S10 1PE,5,26-Oct-21,08-Jan-26,5509
                                ,207,Heavygate Road,S10 1PH,5,21-Nov-22,16-May-27,6046
                                ,420,Heavygate Road,S10 1QE,8,08-Jan-24,31-Aug-28,6289
                                ,414-418,Heavygate Road,S10 1QE,13,13-Mar-24,09-Nov-28,6340
                                ,215,Hemsworth Road,S8 8LP,5,03-Jun-25,03-Dec-29,6521
                                ,122,Henry Street,S3 7LU,5,15-May-24,16-Jan-29,6415
                                ,124,Henry Street,S3 7LU,5,31-Jan-22,01-Jan-27,5656
                                ,126,Henry Street,S3 7LU,5,12-Jul-22,06-Apr-27,5866
                                ,128,Henry Street,S3 7LU,5,16-Nov-22,31-Dec-27,6024
                                ,129,Herries Road,S5 7AS,6,09-Sep-21,29-Mar-26,5467
                                ,352,Herries Road,S5 7HD,6,29-Mar-24,06-Nov-28,6372
                                ,158,High Street,S20 5AJ,9,11-Dec-23,10-Dec-28,6330
"Flat 2, Wesley House            ",28,Highfield Place,S2 4UR,8,08-Mar-24,28-Nov-28,6334
"Flat 1, Wesley House            ",,Highfield Place,S2 4UR,9,01-Aug-25,04-Feb-29,6594
"Flat 3, Wesley House            ",,Highfield Place,S2 4UR,6,01-Aug-25,05-Feb-29,6595
                                ,10,Highnam Crescent Road,S10 1BZ,7,28-Nov-22,26-Feb-26,6070
                                ,13,Holberry Close,S10 2FQ,7,12-Jul-23,09-May-28,6208
                                ,19,Holberry Close,S10 2FQ,6,02-Mar-22,14-Aug-26,5716
                                ,21,Holberry Close,S10 2FQ,7,12-Jul-23,09-May-28,6209
                                ,53,Holberry Gardens,S10 2FR,6,15-Jul-21,08-Feb-26,5382
                                ,55,Holberry Gardens,S10 2FR,8,26-Aug-25,25-Oct-29,6600
                                ,13,Holland Place,S2 4US,6,10-Oct-23,23-Aug-28,6255
                                ,30,Hollis Croft,S1 4BA,5,03-Jan-24,31-Aug-28,6294
                                ,7,Hoole Lane,S10 5ED,6,11-Jun-25,06-Jan-30,6511
                                ,5,Hoole Road,S10 5BH,6,28-Aug-25,13-May-30,6617
                                ,7,Hoole Road,S10 5BH,8,01-Jul-25,16-Sep-29,6552
                                ,14,Hoole Road,S10 5BH,5,15-Apr-25,12-Feb-29,6498
                                ,17,Hoole Road,S10 5BH,6,08-Jul-25,02-Jan-30,6535
                                ,22,Hoole Road,S10 5BH,5,03-Feb-21,21-Nov-25,4995
                                ,24,Hoole Road,S10 5BH,5,17-Dec-23,16-Dec-28,6365
                                ,33,Hoole Road,S10 5BH,9,14-Dec-21,15-Aug-25,5602
                                ,139,Howard Road,S6 3RU,5,09-Sep-24,08-Sep-29,6468
Cromwell Mews                   ,184,Howard Road,S6 3RX,8,23-Jul-25,09-Jun-30,6553
                                ,28,Hunter Hill Road,S11 8UE,5,09-Jun-21,23-Feb-26,5344
                                ,51,Hunter House Road,S11 8TU,5,15-Jun-22,14-Jun-27,5833
                                ,106,Hunter House Road,S11 8TY,5,17-Nov-20,23-Aug-25,4901
                                ,114,Hunter House Road,S11 8TY,5,27-May-22,10-Mar-27,5793
                                ,115,Hunter House Road,S11 8TX,5,05-Apr-22,30-Nov-26,5730
                                ,24,Industry Road,S9 5FQ,6,29-Jun-21,18-Dec-25,5361
                                ,38a,Infirmary Road,S6 3DD,5,06-Jan-25,06-Feb-29,6471
                                ,40a,Infirmary Road,S6 3DD,8,14-Jan-25,07-Feb-29,6473
                                ,1,Ivy Grove,S10 1EL,5,15-Jul-25,09-Sep-29,6545
                                ,51,Junction Road,S11 8XA,7,07-Jul-22,23-Jun-26,5858
                                ,59,Junction Road,S11 8XA,7,05-May-21,14-Apr-26,5245
                                ,61,Junction Road,S11 8XA,5,24-Aug-21,03-Jul-26,5444
                                ,7,Kearsley Road,S2 4TE,5,17-Mar-23,16-Mar-28,6152
                                ,13,Kearsley Road,S2 4TE,6,25-Aug-22,23-Dec-25,5923
                                ,15,Kearsley Road,S2 4TE,6,30-Aug-23,28-Jun-28,6236
                                ,25,Kearsley Road,S2 4TE,6,09-Mar-23,12-Dec-27,6136
                                ,27,Kearsley Road,S2 4TE,5,05-Mar-25,11-Feb-29,6478
                                ,38,Kearsley Road,S2 4TE,6,03-Nov-23,01-Oct-28,6269
                                ,39,Kearsley Road,S2 4TE,7,17-Mar-23,16-Mar-28,6147
                                ,41,Kearsley Road,S2 4TE,6,06-Mar-23,12-Dec-27,6135
                                ,16,Khartoum Road,S11 8RD,6,02-Nov-23,27-Jun-28,6267
                                ,21,Khartoum Road,S11 8RD,5,03-Apr-24,13-Jan-29,6369
                                ,25,Khartoum Road,S11 8RD,5,24-Mar-23,23-Mar-28,6159
Floor 2                         ,03-Jan,King Street,S3 8LF,12,11-Aug-22,11-Aug-27,5908
                                ,157,Lancing Road,S2 4ET,5,22-Feb-24,21-Feb-29,6452
                                ,212,Lancing Road,S2 4EX,5,09-Mar-21,26-Oct-25,5096
                                ,32,Langdon Street,S11 8BJ,5,23-Aug-22,07-Aug-27,5918
                                ,34,Langdon Street,S11 8BJ,5,28-Oct-22,23-Jul-27,5983
                                ,39,Langdon Street,S11 8BH,5,13-Dec-21,05-Jul-26,5598
                                ,2,Langsett Avenue,S6 4AA,4,10-Jun-22,17-Oct-26,5831
                                ,18b,Lawson Road,S10 5BW,5,25-Jan-24,15-Oct-28,6308
                                ,56,Leamington Street,S10 1LW,5,09-Jul-25,02-Jun-29,6560
Flat above                      ,169,London Road,S2 4LH,9,14-Nov-22,31-Jul-27,6004
                                ,412,London Road,S2 4ND,5,06-Jun-23,01-Feb-28,6183
                                ,154a,London Road,S2 4LT,5,21-Mar-24,06-Jan-29,6350
Victoria Building               ,227a,London Road,S2 4NF,23,09-May-23,26-Jan-28,6179
                                ,274a,London Road,S2 4NA,5,27-Sep-21,07-Dec-25,5472
                                ,68-72,London Road,S2 4LR,19,03-Aug-21,16-Feb-26,5412
                                ,71-75,London Road,S2 4LE,8,17-Jun-22,28-Nov-26,5842
                                ,425,Longley Hall Road,S5 7EH,5,01-Jul-25,26-Nov-29,6551
                                ,34,Lydgate Lane,S10 5FH,5,23-Dec-20,14-Sep-25,4956
                                ,22,Lyons Street,S4 7QS,6,15-Nov-22,16-Aug-27,6012
                                ,113,Machon Bank,S7 1GQ,6,11-Jun-25,09-Jan-30,6515
                                ,137,Machon Bank,S7 1GS,5,01-Jun-22,03-Jan-26,5806
                                ,219,Malton Street,S4 7ED,7,23-Nov-22,11-Oct-27,6061
                                ,55,Manchester Road,S10 5DH,8,08-Nov-22,24-Aug-26,5992
                                ,610-614,Manchester Road,S36 1DY,11,14-Feb-22,13-Jan-26,5700
                                ,162,Manor Lane,S2 1UH,7,21-Jun-23,24-Mar-28,6200
                                ,56,Margaret Street,S1 4SX,5,01-Jul-25,02-Jun-29,6550
                                ,6,Marlborough Road,S10 1DB,7,30-May-22,22-Jan-27,5797
                                ,49,Marlborough Road,S10 1DA,6,07-Feb-22,15-Dec-26,5673
                                ,52,Marlborough Road,S10 1DB,6,09-Nov-22,29-Aug-26,5994
                                ,55,Marlborough Road,S10 1DA,6,17-Nov-22,06-Apr-27,6029
                                ,61,Marlborough Road,S10 1DA,7,24-Aug-22,26-Feb-26,5919
                                ,17,Marlcliffe Road,S6 4AF,8,22-Jun-23,06-Feb-28,6198
                                ,181,Marmion Road,S11 8TS,5,27-Jul-22,08-May-27,5874
Apartment 11                    ,100,Matilda Street,S1 4QF,6,14-Feb-23,08-Jun-27,6113
"Flat 53-58, Truro Works         ",135,Matilda Street,S1 4QG,6,09-Dec-22,08-Dec-27,6076
"Flat 77-82, Truro Works         ",135,Matilda Street,S1 4QG,6,09-Dec-22,08-Dec-27,6075
"Flat 91-96, Truro Works         ",135,Matilda Street,S1 4QG,5,23-Nov-22,10-Sep-27,6060
"Flat 120-124, Truro Works       ",135,Matilda Street,S1 4QG,5,23-Nov-22,10-Sep-27,6064
"Flat 59-63, Truro Works         ",135,Matilda Street,S1 4QG,5,25-May-22,17-Mar-26,5786
"Flat 97-103, Truro Works        ",135,Matilda Street,S1 4QG,6,16-May-22,16-Mar-26,5754
"Flat 104-109, Truro Works       ",135,Matilda Street,S1 4QG,5,16-May-22,16-Mar-26,5752
"Flat 84-90, Truro Works         ",135,Matilda Street,S1 4QG,6,16-May-22,16-Mar-26,5753
"Flat 126-130, Truro Works       ",135,Matilda Street,S1 4QG,5,20-May-22,16-Mar-26,5772
"Flat 115 - 119, Truro Works     ",135,Matilda Street,S1 4QG,5,20-May-22,15-Jan-27,5773
"Flat 110 -114, Truro Works      ",135,Matilda Street,S1 4QG,5,25-May-22,08-Jan-27,5787
"Flat 34-38, Truro Works         ",135,Matilda Street,S1 4QG,5,26-May-22,25-Jan-27,5791
"Flat 65-70, Truro Works         ",135,Matilda Street,S1 4QG,6,25-May-22,25-Jan-27,5785
"Flat 71-76, Truro Works         ",135,Matilda Street,S1 4QG,6,24-May-22,25-Jan-27,5782
"Flat 44-48, Truro Works         ",135,Matilda Street,S1 4QG,5,08-Dec-22,07-Dec-27,6074
"Flat 26-30, Truro Works         ",135,Matilda Street,S1 4QG,5,08-Dec-22,07-Dec-27,6073
Apartment 9                     ,100a,Matilda Street,S1 4QF,6,22-Feb-23,08-Jul-27,6125
Apartment 2                     ,100a,Matilda Street,S1 4QF,7,09-Jul-25,31-Jul-29,6559
Apartment 3                     ,100a,Matilda Street,S1 4QF,6,21-Jul-25,22-Jul-29,6574
Apartment 5                     ,100a,Matilda Street,S1 4QF,5,08-Jul-22,07-Jul-27,6126
                                ,85,Meersbrook Park Road,S8 9FP,6,22-Nov-21,28-Dec-25,5551
                                ,32,Melbourn Road,S10 1NS,5,01-Jun-22,31-May-27,5801
                                ,209,Middlewood Road,S6 4HD,6,05-Jan-21,08-Nov-25,4967
                                ,4a,Middlewood Road,S6 4GY,6,16-Mar-23,09-Nov-27,6149
                                ,40,Midfield Road,S10 1SU,6,26-Aug-25,07-Jan-30,6603
                                ,31,Midland Street,S1 4SZ,5,06-Feb-24,03-Jan-29,6310
                                ,94,Milton Street,S3 7WH,8,22-Nov-22,16-Nov-25,6057
                                ,96,Milton Street,S3 7WH,7,28-Mar-23,30-Nov-25,6164
                                ,100,Milton Street,S3 7WH,9,01-Dec-21,03-Jan-26,5580
                                ,11,Minna Road,S3 9AZ,10,17-Jul-22,16-Jul-27,5982
                                ,5,Mona Road,S10 1NF,5,11-Jul-25,12-Jun-29,6568
                                ,12,Moor End Road,S10 1ND,6,07-Feb-22,30-Nov-26,5675
                                ,12,Moor Oaks Road,S10 1BX,7,01-Apr-24,25-Jan-29,6376
                                ,13,Moor Oaks Road,S10 1BX,8,12-May-21,12-Feb-26,5271
                                ,8,Moorgate Avenue,S10 1EQ,7,28-Aug-25,28-May-29,6614
                                ,10,Moorgate Avenue,S10 1EQ,7,24-Nov-21,15-Aug-26,5560
                                ,12,Moorgate Avenue,S10 1EQ,6,10-Nov-22,26-Jan-27,5998
                                ,14,Moorgate Avenue,S10 1EQ,6,02-Dec-22,25-Sep-26,6072
                                ,3,Mowbray Street,S3 8EN,12,17-Nov-22,12-May-27,6027
                                ,5,Mowbray Street,S3 8EN,10,16-Nov-22,23-May-27,6019
                                ,7,Mowbray Street,S3 8EN,10,02-Nov-22,01-Jul-27,5985
                                ,11a,Mowbray Street,S3 8EN,5,19-Dec-22,05-Sep-27,6080
                                ,5,Neill Road,S11 8QG,5,13-May-25,03-Sep-29,6494
                                ,7,Neill Road,S11 8QG,5,13-May-25,03-Sep-29,6495
                                ,10,Neill Road,S11 8QG,5,06-Sep-22,01-Jul-27,5934
                                ,12,Neill Road,S11 8QG,5,06-Sep-22,01-Jul-27,5935
                                ,26,Neill Road,S11 8QG,5,02-Jun-22,01-Mar-27,5819
                                ,34,Neill Road,S11 8QG,5,15-Nov-22,04-Mar-26,6011
                                ,40,Neill Road,S11 8QG,5,29-Nov-21,07-Dec-25,5569
                                ,42,Neill Road,S11 8QG,6,09-Jul-25,08-Dec-29,6513
                                ,44,Neill Road,S11 8QG,5,05-Jul-22,13-Mar-27,5855
                                ,52,Neill Road,S11 8QH,5,12-Sep-22,01-Aug-27,5949
                                ,7,Netherthorpe Walk,S3 7LN,6,05-Jan-21,14-Oct-25,4966
"Flat H, Hudson House            ",9,Newbould Lane,S10 2PJ,6,25-Jul-25,23-Apr-29,6579
                                ,16,Newbould Lane,S10 2PL,9,07-Feb-24,26-Oct-28,6312
                                ,28,Newbould Lane,S10 2PL,7,11-Apr-24,13-Mar-29,6391
                                ,46,Newbould Lane,S10 2PL,5,15-Feb-21,04-Feb-26,5030
                                ,16a,Newbould Lane,S10 2PL,5,12-Jan-24,01-Nov-28,6297
                                ,18a,Newbould Lane,S10 2PL,6,12-Jan-24,19-Nov-28,6298
                                ,18b,Newbould Lane,S10 2PL,5,12-Jan-24,14-Nov-28,6299
                                ,11,Newington Road,S11 8RZ,5,08-Jul-25,13-Mar-29,6394
                                ,25,Newington Road,S11 8RZ,5,11-Nov-21,17-Aug-25,5543
                                ,5,Nile Street,S10 2PN,5,11-May-21,15-Feb-26,5267
                                ,7,Nile Street,S10 2PN,5,22-Jul-21,13-Jan-26,5398
85 Norfolk Park Village         ,200,Norfolk Park Road,S2 2UF,5,23-Sep-24,11-Feb-29,6459
71 Norfolk Park Student Villag  ,200,Norfolk Park Road,S2 3QE,6,20-May-24,25-Jan-29,6421
73 Norfolk Park Student Village ,200,Norfolk Park Road,S2 3QE,6,22-May-24,25-Jan-29,6428
81 Norfolk Park Student Villag  ,200,Norfolk Park Road,S2 3QE,8,08-Nov-21,15-Apr-26,5533
9 Norfolk Park Student Village  ,200,Norfolk Park Road,S2 3QE,6,10-May-23,15-Jun-26,6181
95 Norfolk Park Student Villag  ,200,Norfolk Park Road,S2 3QE,6,09-Nov-21,05-May-26,5537
96 Norfolk Park Student Villag  ,200,Norfolk Park Road,S2 3QE,6,09-Nov-21,31-Aug-26,5538
36 Norfolk Park Village         ,200,Norfolk Park Road,S2 2UA,5,31-Jan-24,30-Jan-29,6445
72 Norfolk Park Village         ,200,Norfolk Park Road,S2 2UA,5,31-Jan-24,30-Jan-29,6436
37 Norfolk Park Village         ,200,Norfolk Park Road,S2 2UA,6,31-Jan-24,30-Jan-29,6427
34 Norfolk Park Village         ,200,Norfolk Park Road,S2 2UA,6,31-Jan-24,30-Jan-29,6432
35 Norfolk Park Village         ,200,Norfolk Park Road,S2 2UA,6,22-May-24,31-Jan-29,6426
52 Norfolk Park Village         ,200,Norfolk Park Road,S2 2UA,6,31-Jan-24,30-Jan-29,6447
45 Norfolk Park Village         ,200,Norfolk Park Road,S2 2UA,6,31-Jan-24,30-Jan-29,6434
51 Norfolk Park Village         ,200,Norfolk Park Road,S2 2UA,6,31-Jan-24,30-Jan-29,6437
31 Norfolk Park Village         ,200,Norfolk Park Road,S2 2UA,6,31-Jan-24,30-Jan-29,6431
3 Norfolk Park Village          ,200,Norfolk Park Road,S2 2UA,6,28-Aug-25,12-May-30,6616
6 Norfolk Park Village          ,200,Norfolk Park Road,S2 2UA,6,11-Jun-24,17-Apr-29,6439
29 Norfolk Park Village         ,200,Norfolk Park Road,S2 2UA,6,31-Jan-24,30-Jan-29,6430
49 Norfolk Park Village         ,200,Norfolk Park Road,S2 2UA,6,31-Jan-24,30-Jan-29,6429
56 Norfolk Park Village         ,200,Norfolk Park Road,S2 2UA,6,12-Jun-24,11-Jun-29,6441
65 Norfolk Park Village         ,200,Norfolk Park Road,S2 2UA,6,31-Jan-24,30-Jan-29,6446
24 Norfolk Park Village         ,200,Norfolk Park Road,S2 2UA,5,01-Aug-25,14-Apr-30,6596
23 Norfolk Park Village         ,200,Norfolk Park Road,S2 2UA,6,11-Jun-24,17-Apr-29,6438
54 Norfolk Park Village         ,200,Norfolk Park Road,S2 2UA,6,11-Jun-24,18-Apr-29,6440
57 Norfolk Park Village         ,200,Norfolk Park Road,S2 2UA,6,12-Jun-24,18-Apr-29,6443
103 Norfolk Park Village        ,200,Norfolk Park Road,S2 2UF,6,04-Jun-21,25-Jan-26,5343
104 Norfolk Park Village        ,200,Norfolk Park Road,S2 2UF,6,22-Jul-22,12-Jun-26,5881
68 Norfolk Park Village         ,200,Norfolk Park Road,S2 2UA,6,17-May-21,25-Jan-26,5291
12 Norfolk Park Village         ,200,Norfolk Park Road,S2 2UA,6,04-Nov-22,04-Jan-26,5989
59 Norfolk Park Village         ,200,Norfolk Park Road,S2 2UA,6,12-Jun-24,18-Apr-29,6444
27 Norfolk Park Village         ,200,Norfolk Park Road,S2 2UA,6,12-Jun-24,17-Apr-29,6442
64 Norfolk Park Student Villag  ,200,Norfolk Park Road,S2 3QE,6,31-Jan-24,30-Jan-29,6433
39 Norfolk Park Student Villag  ,200,Norfolk Park Road,S2 3QE,6,10-Aug-21,27-Jan-26,5419
32 Norfolk Park Student Villag  ,200,Norfolk Park Road,S2 3QE,6,16-Aug-21,08-Dec-25,5429
84 Norfolk Park Village         ,200,Norfolk Park Road,S2 2UF,5,03-Apr-24,02-Apr-29,6470
                                ,79,Norfolk Road,S2 2SZ,8,14-Oct-22,14-Aug-27,5971
                                ,9b,Norfolk Road,S2 2ST,7,19-Apr-21,12-Jan-26,5195
                                ,147,Northfield Road,S10 1QP,5,03-Apr-24,03-Jan-29,6382
                                ,4,Northumberland Road,S10 2TT,5,26-Mar-24,11-Dec-28,6359
Ground Floor Flat               ,7,Northumberland Road,S10 2TT,5,19-Feb-24,18-Feb-29,6454
                                ,15,Northumberland Road,S10 2TT,8,24-Nov-22,18-Jul-27,6065
                                ,8,Osberton Place,S11 8XL,6,28-Aug-22,14-Aug-27,5926
                                ,10,Owler Lane,S4 8GA,8,31-Jan-22,03-Aug-26,5655
                                ,5,Parker's Road,S10 1BN,5,10-Aug-21,11-Feb-26,5420
                                ,13,Parker's Road,S10 1BN,13,10-Nov-21,05-Mar-26,5576
                                ,02-Feb,Parker's Road,S10 1BN,5,06-Jun-23,11-Jan-28,6184
                                ,5,Parkfield Place,S2 4TH,5,28-Oct-20,27-Oct-25,4878
                                ,1,Peel Terrace,S10 2GU,7,29-Mar-24,18-Dec-28,6373
                                ,2,Peel Terrace,S10 2GU,7,01-Apr-24,19-Dec-28,6378
                                ,3,Peel Terrace,S10 2GU,7,05-Mar-24,22-Nov-28,6322
                                ,7,Penrhyn Road,S11 8UL,5,13-Jul-21,22-Jun-26,5380
                                ,60,Pickmere Road,S10 1GZ,5,10-Feb-23,25-Oct-26,6111
                                ,13,Pinner Road,S11 8UG,5,30-Aug-22,30-Mar-27,5928
                                ,1,Pisgah House Road,S10 5BJ,5,31-Jan-23,04-Nov-27,6098
                                ,525,Pitsmoor Road,S3 9AU,5,31-May-21,30-Mar-26,5329
                                ,115,Pomona Street,S11 8JN,5,27-Sep-22,23-Nov-26,5955
                                ,136,Pomona Street,S11 8JL,5,13-May-25,27-Aug-29,6497
                                ,26,Priestley Street,S2 4DD,5,20-Dec-22,21-Oct-27,6085
Flat 1                          ,5,Priory Place,S7 1LS,6,20-Mar-24,18-Dec-28,6390
"Flat 2, Priory House            ",05-Mar,Priory Place,S7 1LS,5,13-Mar-24,17-Dec-28,6339
                                ,19-21,Priory Road,S7 1LW,23,21-Dec-21,10-Aug-26,5624
                                ,270-272,Pye Bank Road,S3 9GS,25,11-Apr-22,13-Oct-26,5734
                                ,158,Queens Road,S2 4DH,5,08-Jul-22,29-May-27,5863
                                ,160,Queens Road,S2 4DH,5,16-Aug-21,28-Jan-26,5427
                                ,304,Queens Road,S2 4DL,5,27-Oct-21,07-Jul-26,5515
                                ,306,Queens Road,S2 4DL,5,15-Nov-22,30-Aug-27,6010
                                ,473,Queens Road,S2 4DR,5,17-Jun-22,05-Dec-26,5843
                                ,3,Ramsey Road,S10 1LR,5,03-Jun-22,12-Dec-26,5812
                                ,5,Ramsey Road,S10 1LR,0,26-Sep-23,03-Jul-28,6248
                                ,23,Raven Road,S7 1SB,5,15-Nov-22,13-Aug-27,6017
                                ,4,Redcar Road,S10 1EX,7,14-Dec-21,15-Nov-25,5603
                                ,86,Richmond Road,S13 8TA,8,17-Oct-23,20-Aug-28,6265
                                ,131,Rock Street,S3 9JB,7,16-Nov-22,01-Jan-27,6022
                                ,63,Roebuck Road,S6 3GQ,5,27-Apr-21,15-Aug-25,5207
                                ,66,Roebuck Road,S6 3GQ,5,06-Oct-21,26-Jan-26,5486
                                ,67,Roebuck Road,S6 3GQ,5,26-May-22,09-Aug-26,5790
                                ,94,Roebuck Road,S6 3GQ,6,26-Jan-22,24-Sep-26,5651
                                ,96,Roebuck Road,S6 3GQ,5,04-Dec-24,23-Apr-29,6461
                                ,99,Roebuck Road,S6 3GQ,5,11-Sep-23,09-Oct-28,6246
                                ,26,Rosa Road,S10 1LZ,5,02-Feb-22,01-Feb-27,5667
                                ,14,Rosedale Road,S11 8NW,9,24-May-22,01-Jul-26,5780
                                ,16,Rosedale Road,S11 8NW,6,05-Apr-24,09-Jan-29,6385
                                ,20,Rosedale Road,S11 8NW,8,21-May-24,29-Jan-29,6422
                                ,30,Rosedale Road,S11 8NW,5,07-Apr-21,14-Dec-25,5174
                                ,41,Rosedale Road,S11 8NW,6,15-May-25,31-Aug-29,6499
                                ,47,Rosedale Road,S11 8NW,5,15-Jul-25,14-Sep-29,6544
                                ,50,Rosedale Road,S11 8NW,6,02-Jun-22,18-Mar-27,5807
                                ,5,Roslin Road,S10 1FA,9,12-May-21,24-Jan-26,5269
                                ,11,Roslin Road,S10 1FA,8,26-Jan-22,10-Sep-26,5652
                                ,24,Rossington Road,S11 8SA,6,11-Jun-25,12-Jan-30,6505
                                ,29,Rossington Road,S11 8SA,6,08-Jul-25,15-Jan-30,6534
                                ,92,Sackville Road,S10 1GW,5,03-May-21,31-Aug-25,5230
                                ,95,Sackville Road,S10 1GU,5,03-Jun-25,10-Oct-29,6520
                                ,5,Sale Hill,S10 5BX,6,10-Oct-23,26-Aug-28,6258
                                ,7,Sale Hill,S10 5BX,8,06-Sep-21,09-Feb-26,5453
                                ,7a,Sale Hill,S10 5BX,6,22-Jul-22,07-May-27,5879
                                ,24-Mar,Sandford Grove Road,S7 1RR,6,17-Apr-22,16-Apr-27,6097
                                ,90,Sandford Grove Road,S7 1RR,5,26-Jul-22,13-Jul-26,5885
                                ,6,Sawdon Road,S11 8NA,5,08-Feb-24,07-Feb-29,6448
                                ,150,School Road,S10 1GL,6,02-Apr-24,10-Jan-29,6380
                                ,152,School Road,S10 1GL,7,11-May-21,28-Feb-26,5264
                                ,185,School Road,S10 1GJ,5,04-Jan-24,03-Jan-29,6328
                                ,186,School Road,S10 1GL,6,13-Jun-25,15-Jul-29,6512
                                ,188,School Road,S10 1GL,5,29-Nov-23,31-Oct-28,6282
                                ,198,School Road,S10 1GL,6,01-Feb-24,19-Nov-28,6309
                                ,202,School Road,S10 1GL,6,22-Feb-21,03-Feb-26,5021
                                ,206,School Road,S10 1GL,5,06-Jan-20,11-Oct-25,4971
                                ,209,School Road,S10 1GN,6,14-Dec-21,22-Oct-26,5609
                                ,217,School Road,S10 1GN,6,29-Nov-21,24-Aug-26,5567
                                ,224,School Road,S10 1GP,5,23-Aug-22,13-Mar-27,5916
                                ,239,School Road,S10 1GN,6,11-Jul-25,16-Feb-30,6564
                                ,246,School Road,S10 1GP,6,16-Nov-22,22-Aug-27,6020
                                ,258,School Road,S10 1GP,5,01-Dec-23,31-Oct-28,6285
                                ,268,School Road,S10 1GP,7,23-Aug-22,24-Oct-25,5914
                                ,314,School Road,S10 1GR,5,09-Apr-25,29-May-29,6488
                                ,336,School Road,S10 1GR,5,06-Sep-22,04-Feb-27,5936
                                ,35,Scott Road,S4 7BE,6,28-Jul-22,01-Jun-27,5889
                                ,102,Scott Road,S4 7BJ,6,08-Jun-22,20-Jun-26,5825
                                ,125,Seagrave Crescent,S12 2JQ,6,11-Jul-25,04-Sep-29,6566
                                ,6,Severn Road,S10 2SU,8,28-Jul-22,04-Jul-27,5888
                                ,66,Sharrow Lane,S11 8AL,5,29-Apr-25,17-Feb-29,6503
                                ,82,Sharrow Lane,S11 8AL,5,13-Dec-21,14-Aug-26,5601
                                ,88,Sharrow Lane,S11 8AL,5,17-May-22,16-May-27,5748
                                ,100,Sharrow Lane,S11 8AL,5,29-Mar-23,28-Nov-27,6163
                                ,209,Sharrow Lane,S11 8AN,5,21-Mar-22,13-Jan-26,5724
                                ,213,Sharrow Lane,S11 8AN,5,23-Aug-23,01-May-28,6232
                                ,201-203,Sharrow Lane,S11 8AN,10,08-Dec-21,06-Jul-26,5597
                                ,15,Sharrow Street,S11 8BY,5,01-Dec-22,26-Sep-27,6095
                                ,76,Sharrow Street,S11 8BZ,7,19-May-25,12-Mar-30,6500
                                ,87,Sharrow Street,S11 8BZ,6,20-Mar-24,09-Dec-28,6347
                                ,163,Sharrow Vale Road,S11 8ZA,5,09-Feb-22,12-Jul-26,5686
                                ,167,Sharrow Vale Road,S11 8ZA,5,15-Mar-24,23-Oct-28,6344
                                ,169,Sharrow Vale Road,S11 8ZA,7,13-Mar-23,06-Feb-28,6139
                                ,181,Sharrow Vale Road,S11 8ZB,5,27-Aug-25,21-Dec-29,6610
                                ,205,Sharrow Vale Road,S11 8ZB,5,12-Apr-22,06-Dec-26,5736
                                ,207,Sharrow Vale Road,S11 8ZB,4,22-Jun-23,19-Mar-28,6196
                                ,225,Sharrow Vale Road,S11 8ZB,5,19-Jul-22,31-Mar-27,5873
                                ,353,Sharrow Vale Road,S11 8ZG,5,25-Sep-21,24-Sep-26,6118
                                ,16,Sheldon Road,S7 1GW,7,18-Feb-22,31-Oct-26,5708
                                ,18,Sheldon Road,S7 1GW,8,09-Feb-22,04-Oct-26,5691
                                ,33,Sheldon Road,S7 1GT,6,17-Nov-22,13-Aug-27,6026
                                ,84,Sheldon Road,S7 1GX,6,24-Jun-25,07-Aug-29,6539
                                ,26-Mar,Sheldon Road,S7 1GX,7,10-Nov-21,28-Apr-26,5540
                                ,88,Sheldon Road,S7 1GX,8,10-Dec-23,09-Dec-28,6417
                                ,97,Shirebrook Road,S8 9RF,5,16-Nov-22,13-Aug-27,6023
Shirecliffe House               ,108,Shirecliffe Lane,S3 9AE,12,30-Nov-20,30-Aug-25,4919
                                ,259,Shoreham Street,S1 4SS,5,03-Jun-22,14-Nov-26,5814
                                ,270,Shoreham Street,S1 4ST,5,22-Aug-23,23-Jul-28,6231
                                ,277,Shoreham Street,S1 4SS,5,03-Jun-22,14-Nov-26,5816
                                ,297,Shoreham Street,S2 4FA,5,04-Nov-21,23-Jun-26,5523
                                ,329,Shoreham Street,S2 4FA,6,06-Feb-24,03-Jan-29,6311
                                ,331,Shoreham Street,S2 4FA,5,25-Jan-24,03-Jan-29,6307
                                ,335,Shoreham Street,S2 4FA,6,02-Mar-23,03-Dec-27,6133
                                ,341,Shoreham Street,S2 4FA,5,05-Jun-25,01-Jun-29,6524
                                ,351,Shoreham Street,S2 4FA,5,11-May-23,03-May-28,6182
                                ,373,Shoreham Street,S2 4FA,5,16-May-24,15-May-29,6456
                                ,375,Shoreham Street,S2 4FA,5,13-Dec-21,27-Sep-26,5599
                                ,377,Shoreham Street,S2 4FA,5,28-Jul-23,08-Jun-28,6222
                                ,385,Shoreham Street,S2 4FA,5,15-Mar-24,23-Oct-28,6343
                                ,393,Shoreham Street,S2 4FA,0,09-Aug-23,08-Jun-28,6229
                                ,425,Shoreham Street,S2 4FB,5,21-Mar-24,25-Feb-29,6352
                                ,433,Shoreham Street,S2 4FB,5,20-Dec-22,16-Aug-27,6087
                                ,445,Shoreham Street,S2 4FB,5,27-Oct-21,28-Jul-26,5513
                                ,455,Shoreham Street,S2 4FB,5,19-Dec-22,07-Nov-27,6081
                                ,467,Shoreham Street,S2 4FB,5,07-Feb-24,08-Nov-28,6314
                                ,469,Shoreham Street,S2 4FB,6,25-Jan-24,06-Jan-29,6305
                                ,564,Shoreham Street,S2 4FE,5,17-Nov-22,06-Feb-27,6032
                                ,156,Slinn Street,S10 1NZ,5,25-Jan-24,03-Nov-28,6306
                                ,164,Slinn Street,S10 1NZ,5,21-Jul-25,31-Aug-29,6576
                                ,395,South Road,S6 3TD,6,19-May-22,25-Oct-26,5770
                                ,22,South View Road,S7 1DD,5,21-Apr-21,28-Jan-26,5205
                                ,26,South View Road,S7 1DD,7,20-Apr-21,14-Dec-25,5201
                                ,52,South View Road,S7 1DD,6,12-May-22,01-Apr-27,5747
                                ,77,South View Road,S7 1DB,5,01-Jul-22,15-Nov-26,5849
                                ,79,South View Road,S7 1DB,5,01-Nov-22,16-Nov-26,5595
                                ,120,South View Road,S7 1DD,5,07-Jul-25,30-Sep-29,6528
                                ,128,South View Road,S7 1DD,5,06-Apr-21,14-Dec-25,5209
                                ,174,South View Road,S7 1DF,5,02-Jun-21,17-Nov-25,5334
                                ,21,Southgrove Road,S10 2NP,6,09-Sep-22,17-Sep-26,5947
                                ,92,Southgrove Road,S10 2NQ,6,20-May-24,05-Dec-28,6419
                                ,94,Southgrove Road,S10 2NQ,6,20-May-24,19-Jan-29,6420
                                ,36,Spooner Road,S10 5BN,5,03-Sep-24,02-Sep-29,6463
                                ,77,Spooner Road,S10 5BL,6,20-Aug-25,13-Jan-30,6587
                                ,46-48,Spooner Road,S10 5BN,6,13-Mar-24,20-Nov-28,6336
                                ,38,Spring Hill,S10 1ET,6,07-Sep-21,11-Mar-26,5460
                                ,26,Spring Hill Road,S10 1ES,6,03-Feb-22,19-Dec-27,6102
                                ,27,Spring Hill Road,S10 1ES,5,05-May-21,12-Feb-26,5241
                                ,29,Spring Hill Road,S10 1ES,5,02-Dec-21,01-Jun-26,5587
                                ,31,Spring Hill Road,S10 1ES,7,01-Feb-22,15-Nov-26,5659
                                ,49,Spring Hill Road,S10 1ES,6,08-Feb-24,11-Dec-28,6316
                                ,51,Spring Hill Road,S10 1ES,5,14-Feb-24,02-Dec-28,6319
                                ,55,Spring Hill Road,S10 1ES,5,01-Aug-22,26-Oct-26,5893
                                ,5,Spring View Road,S10 1LS,5,10-Jan-24,09-Jan-29,6410
                                ,12,Spring View Road,S10 1LS,7,11-May-21,13-Mar-26,5265
                                ,16,Spring View Road,S10 1LS,5,02-Nov-22,06-Dec-26,5988
                                ,24,Spring View Road,S10 1LS,6,30-Jan-22,29-Jan-27,5744
                                ,182,Springvale Road,S6 3NU,5,26-Aug-22,06-Aug-27,5925
                                ,206,Springvale Road,S6 3NU,6,16-Mar-23,15-Mar-28,6146
                                ,208,Springvale Road,S6 3NU,6,16-May-25,17-Feb-29,6508
                                ,213,Springvale Road,S10 1LG,5,17-May-22,09-Apr-27,5758
                                ,215,Springvale Road,S10 1LG,5,21-Nov-22,16-May-27,6042
                                ,225,Springvale Road,S10 1LG,5,27-Aug-25,02-Feb-30,6607
                                ,251,Springvale Road,S10 1LG,7,27-Jan-21,26-Jan-26,4984
                                ,265,Springvale Road,S10 1LJ,5,20-Dec-22,15-Aug-27,6083
                                ,314,Springvale Road,S10 1LN,5,09-Sep-22,08-Sep-27,5943
                                ,471,Springvale Road,S10 1LQ,5,19-May-25,06-May-29,6501
                                ,19-Jan,St Barnabas Road,S2 4TF,12,14-Jun-23,13-Jun-28,6192
                                ,35,St Barnabas Road,S2 4TF,7,14-Dec-21,13-Dec-25,5610
                                ,75-77,St Mary's Road,S2 4AN,93,21-Dec-22,13-Oct-27,6092
                                ,57,St Thomas Road,S10 1UW,5,20-Aug-25,11-Aug-29,6584
                                ,18a,St Thomas Road,S10 1UX,5,04-May-21,17-Jan-26,5237
                                ,7,Stafford Road,S2 2SE,5,23-Oct-24,22-Oct-29,6467
                                ,22,Stafford Road,S2 2SE,5,19-Jul-22,06-Oct-26,5875
                                ,16,Stalker Lees Road,S11 8NJ,5,18-Jul-22,06-Jun-27,5871
                                ,26,Stalker Lees Road,S11 8NJ,5,25-Jan-21,24-Jan-26,4981
                                ,28,Stalker Lees Road,S11 8NJ,5,11-Jul-25,30-Jan-29,6537
                                ,52,Stalker Lees Road,S11 8NJ,5,22-Dec-21,05-Jun-26,5629
                                ,76,Stalker Lees Road,S11 8NL,7,25-May-21,25-Apr-26,5305
                                ,88,Stalker Lees Road,S11 8NL,5,13-Mar-24,04-Dec-28,6338
                                ,101,Stalker Lees Road,S11 8NR,5,19-Mar-21,07-Nov-25,5132
                                ,10-Aug,Stanley Street,S3 8HJ,17,13-Aug-21,23-Nov-25,5426
                                ,5a,Stanley Street,S3 8HJ,36,17-May-22,05-Sep-26,5774
                                ,15,Steade Road,S7 1DS,5,15-Jun-22,14-Jun-27,5834
                                ,104,Steven Crescent,S35 1XN,5,04-Jan-24,03-Jan-29,6327
                                ,12,Store Street,S2 4DA,5,27-Jul-21,23-Feb-26,5402
4 Bento                         ,24,Sudbury Street,S3 7LW,5,01-Oct-24,04-Jun-29,6460
                                ,26,Sudbury Street,S3 7LW,5,23-Aug-22,05-Oct-26,5917
                                ,28,Sudbury Street,S3 7LW,5,05-Aug-22,31-Dec-27,5898
                                ,30,Sudbury Street,S3 7LW,5,01-Dec-23,31-Dec-26,6284
                                ,74,Summerfield Street,S11 8HJ,9,04-Oct-21,03-May-26,5479
                                ,51,Sydney Road,S6 3GG,6,23-Nov-22,21-Aug-27,6063
                                ,80,Sydney Road,S6 3GH,5,27-Oct-21,19-Dec-25,5512
                                ,84,Sydney Road,S6 3GH,6,26-Jan-22,25-Jan-27,5650
                                ,64a,Sydney Road,S6 3GH,5,02-Mar-21,09-Jan-26,5083
                                ,12b,Tapton House Road,S10 5BY,7,21-May-24,24-Jan-29,6424
                                ,12c,Tapton House Road,S10 5BY,7,21-May-24,19-Jan-29,6423
                                ,7,The Nook,S10 1EJ,5,28-Mar-25,23-Feb-30,6486
                                ,8,The Nook,S10 1EJ,5,12-Nov-21,01-Jun-26,5541
                                ,20,The Nook,S10 1EJ,5,15-Feb-23,20-Oct-27,6115
                                ,22,The Nook,S10 1EJ,5,08-Aug-23,23-May-28,6226
                                ,24,The Nook,S10 1EJ,5,21-Feb-23,06-Jul-27,6138
                                ,25,The Nook,S10 1EJ,5,27-Apr-21,07-Dec-25,5215
                                ,32,The Nook,S10 1EJ,6,20-Aug-25,16-Apr-30,6583
                                ,68a,The Wicker,S3 8JD,7,08-Nov-22,09-Jul-26,5990
                                ,6,Thompson Road,S11 8RB,8,27-Apr-21,01-Feb-26,5208
                                ,12,Thompson Road,S11 8RB,7,25-Jan-21,24-Jan-26,5035
                                ,16,Thompson Road,S11 8RB,8,04-Oct-22,07-Feb-26,5962
                                ,21,Thompson Road,S11 8RA,6,12-Nov-21,28-Jul-26,5544
                                ,24,Thompson Road,S11 8RB,5,07-Jul-25,12-Jan-30,6557
                                ,26,Thompson Road,S11 8RB,5,02-Nov-23,01-Aug-28,6268
                                ,32,Thompson Road,S11 8RB,5,10-Jun-25,15-Aug-29,6526
                                ,34,Thompson Road,S11 8RB,5,11-Apr-24,22-Feb-29,6393
                                ,36,Thompson Road,S11 8RB,5,04-May-21,25-Jan-26,5236
                                ,40,Thompson Road,S11 8RB,5,11-Feb-21,10-Feb-26,5022
                                ,41,Thompson Road,S11 8RA,6,02-Jun-25,14-Jan-30,6519
                                ,48,Townend Street,S10 1NN,5,18-Nov-22,15-Apr-27,6034
                                ,50,Townend Street,S10 1NN,5,21-Nov-22,07-May-27,6045
Flat 3                          ,45,Trafalgar Street,S1 4GN,7,05-Apr-24,24-Jan-29,6384
Flat 1                          ,45,Trafalgar Street,S1 4GN,8,01-Apr-24,29-Jan-29,6374
Flat 2                          ,45,Trafalgar Street,S1 4GN,7,04-Apr-24,24-Jan-29,6383
Flat 4                          ,45,Trafalgar Street,S1 4GN,8,24-Jan-24,02-Oct-28,6303
                                ,8,Travis Place,S10 2DB,6,04-Aug-21,28-Feb-26,5413
                                ,11,Travis Place,S10 2DB,5,03-Apr-25,16-Jan-29,6480
                                ,38-40,Trippet Lane,S1 4EL,14,12-Jul-22,21-May-27,5865
                                ,15-Jan,Tylney Road,S2 2RY,5,22-Nov-22,10-Oct-27,6049
"Apartment 1, Ashton's Works     ",66,Upper Allen Street,S3 7GW,12,26-Apr-23,09-Nov-27,6173
                                ,102,Upper Hanover Street,S3 7RS,7,29-Nov-23,03-Nov-28,6281
                                ,171,Upper Hanover Street,S3 7RR,6,07-Feb-23,05-Feb-28,6106
                                ,173,Upper Hanover Street,S3 7RR,6,18-Jan-23,07-Nov-27,6096
                                ,175,Upper Hanover Street,S3 7RR,6,26-Mar-21,15-Oct-25,5155
                                ,255,Upperthorpe,S6 3NG,5,29-Apr-21,21-Feb-26,5223
                                ,285,Upperthorpe,S6 3NG,5,13-Mar-24,14-Jan-29,6337
                                ,131,Upperthorpe Road,S6 3EB,6,21-Feb-22,02-May-26,5711
Flat 3                          ,22,Victoria Road,S10 2DL,6,08-Feb-24,06-Dec-28,6317
Flat 2                          ,22,Victoria Road,S10 2DL,6,08-Feb-24,09-Dec-28,6315
                                ,76,Victoria Street,S3 7QL,5,26-Apr-23,14-Dec-27,6172
                                ,71,Vincent Road,S7 1BW,5,09-Jun-22,08-Jun-27,5826
                                ,141,Vincent Road,S7 1BY,5,15-Mar-24,18-Dec-28,6346
                                ,10,Violet Bank Road,S7 1RZ,6,17-May-22,07-Mar-27,5761
                                ,3,Vivian Road,S5 6WJ,5,24-Feb-21,23-Feb-26,5067
                                ,19,Vivian Road,S5 6WJ,5,05-Nov-21,11-Aug-26,5532
                                ,27,Vivian Road,S5 6WJ,5,05-Mar-25,30-May-29,6479
                                ,29,Vivian Road,S5 6WJ,5,09-Nov-22,27-Oct-25,5995
                                ,53,Vivian Road,S5 6WJ,6,21-Mar-22,30-Jul-26,5723
                                ,14,Wadbrough Road,S11 8RG,7,01-Dec-21,26-Aug-25,5578
                                ,30,Wadbrough Road,S11 8RG,6,07-May-24,30-Jan-29,6403
                                ,32,Wadbrough Road,S11 8RG,5,07-May-24,08-Jan-29,6399
                                ,43,Wadbrough Road,S11 8RF,5,16-Mar-23,17-Jun-27,6150
                                ,61,Wadbrough Road,S11 8RF,5,01-Jun-22,29-Jan-27,5802
                                ,124,Wadsley Lane,S6 4ED,5,28-Oct-21,03-Sep-25,5517
                                ,136,Walkley Street,S6 2WT,5,26-Mar-24,26-Nov-28,6358
                                ,3,Walton Road,S11 8RE,5,21-Mar-23,21-Jun-27,6155
                                ,5,Walton Road,S11 8RE,5,06-Apr-21,11-Aug-25,5171
                                ,11,Walton Road,S11 8RE,6,21-Dec-22,14-Sep-27,6090
                                ,12,Walton Road,S11 8RE,5,20-May-25,12-Jan-30,6504
                                ,25,Walton Road,S11 8RE,6,15-Feb-21,02-Feb-26,5028
                                ,35,Walton Road,S11 8RE,6,12-Apr-21,21-Mar-26,5176
                                ,2,Warrington Road,S10 1EN,7,08-Mar-24,22-Nov-28,6332
                                ,4,Washington Road,S11 8BN,0,06-May-21,18-Feb-26,5250
                                ,8,Washington Road,S11 8BN,12,27-Jul-21,21-Mar-26,5401
                                ,16,Watson Road,S10 2SD,8,24-Mar-21,26-Aug-25,5145
                                ,58,Watson Road,S10 2SD,7,22-Feb-21,11-Jan-26,5024
                                ,24,Wayland Road,S11 8YE,6,24-Aug-21,28-Aug-25,5442
                                ,43,Wayland Road,S11 8YD,5,10-Oct-23,31-Jul-28,6256
                                ,82,Wayland Road,S11 8YE,5,28-Jul-23,23-May-28,6221
                                ,2,Well Meadow Drive,S3 7GU,7,26-Jun-23,21-Mar-28,6203
                                ,4,Well Meadow Drive,S3 7GU,7,09-Feb-23,08-Feb-28,6205
                                ,6,Well Meadow Drive,S3 7GU,7,26-Jun-23,21-Mar-28,6201
                                ,8,Well Meadow Drive,S3 7HP,7,14-Jun-23,13-Jun-28,6189
                                ,10,Well Meadow Drive,S3 7GU,19,13-Jun-23,19-Jun-28,6188
                                ,9,Wellesley Road,S10 2SY,9,29-Mar-21,11-Sep-25,5158
Flat 1A Cavendish House         ,220-238,West Street,S1 4EU,17,01-Jul-25,09-Apr-29,6549
Flat 1                          ,90-92,West Street,S1 4EP,6,16-Apr-24,11-Feb-29,6400
Flat 2                          ,90-92,West Street,S1 4EP,6,26-Mar-24,01-Jan-29,6360
                                ,3,Westbourne Road,S10 2QQ,6,12-Jan-24,14-Oct-28,6296
                                ,5,Westbourne Road,S10 2QQ,6,14-Feb-24,30-Sep-28,6321
                                ,46,Westbourne Road,S10 2QQ,8,17-Feb-21,21-Dec-25,5041
                                ,5,Westbrook Bank,S11 8YJ,6,28-Nov-23,09-Sep-28,6280
                                ,27,Westbrook Bank,S11 8YJ,6,09-Feb-22,25-Oct-26,5694
                                ,297,Western Bank,S10 2TJ,8,19-Mar-25,04-Feb-29,6482
                                ,299,Western Bank,S10 2TJ,5,04-Jul-22,12-Jan-27,5851
                                ,303,Western Bank,S10 2TJ,6,18-Nov-22,02-May-27,6036
                                ,49,Western Road,S10 1LB,5,12-Dec-22,27-Sep-27,6078
                                ,51,Western Road,S10 1LB,5,14-Dec-22,11-Dec-27,6077
                                ,55,Western Road,S10 1LB,5,26-Mar-24,03-Sep-28,6355
                                ,83,Western Road,S10 1LB,5,02-Jun-22,21-Feb-26,5820
                                ,84,Western Road,S10 1LA,5,11-Jul-25,14-Jan-30,6567
                                ,145,Western Road,S10 1LD,5,03-Jan-24,06-Nov-28,6295
                                ,204,Western Road,S10 1LF,5,07-Jul-22,11-Apr-27,5860
                                ,206,Western Road,S10 1LF,5,05-Apr-22,22-Feb-26,5731
                                ,210,Western Road,S10 1LF,5,15-Nov-22,13-Aug-27,6018
                                ,38,Westmoreland Street,S6 3JA,5,22-Jun-23,31-Mar-28,6194
                                ,1,Wharncliffe Road,S10 2DH,7,30-Jan-24,29-Jan-29,6418
                                ,12,Wharncliffe Road,S10 2DH,8,22-Nov-22,15-Aug-27,6051
                                ,27,Wheldrake Road,S5 6UD,5,16-Nov-22,09-Jun-27,6025
                                ,108,Whitehouse Lane,S6 2UX,5,15-Jul-22,16-Aug-27,5869
                                ,06-Apr,Whitham Road,S10 2SL,7,11-Jun-25,11-Dec-29,6506
                                ,99,Whitham Road,S10 2SL,7,04-Oct-21,01-Jul-26,5483
                                ,101,Whitham Road,S10 2SL,6,11-Jun-25,04-Jan-30,6507
                                ,107,Whitham Road,S10 2SL,8,31-Jul-25,04-Feb-29,6590
                                ,108,Whitham Road,S10 2SQ,7,24-Nov-22,12-Aug-27,6066
                                ,112,Whitham Road,S10 2SQ,9,07-Apr-21,26-Oct-25,5173
                                ,114,Whitham Road,S10 2SQ,7,16-Apr-21,18-Dec-25,5190
                                ,116,Whitham Road,S10 2SQ,10,16-Apr-21,15-Dec-25,5191
                                ,118,Whitham Road,S10 2SQ,7,19-May-22,24-Aug-26,5768
                                ,120,Whitham Road,S10 2SQ,7,18-May-22,30-Jan-27,5764
                                ,122,Whitham Road,S10 2SQ,8,29-Mar-21,17-Nov-25,5156
                                ,125,Whitham Road,S10 2SN,7,18-Nov-22,11-Apr-27,6038
                                ,126,Whitham Road,S10 2SQ,6,08-Jun-22,10-Sep-26,5824
                                ,127,Whitham Road,S10 2SN,7,18-Nov-22,16-Apr-27,6037
                                ,139,Whitham Road,S10 2SN,5,18-Nov-22,16-Apr-27,6040
                                ,141,Whitham Road,S10 2SN,5,18-Nov-22,11-Apr-27,6035
Flat A                          ,106a,Whitham Road,S10 2SQ,5,07-Feb-24,26-Oct-28,6313
                                ,1,Wilkinson Street,S10 2GA,6,22-Nov-22,22-Dec-26,6052
                                ,8,Wilkinson Street,S10 2GA,6,11-Jul-25,07-Apr-30,6569
                                ,9,Wilkinson Street,S10 2GA,6,23-Aug-23,06-Jun-27,6233
                                ,10,Wilkinson Street,S10 2GA,6,22-Jun-23,15-Jul-26,6195
                                ,11,Wilkinson Street,S10 2GA,6,09-Jul-25,22-Jul-29,6558
                                ,13,Wilkinson Street,S10 2GA,6,11-Jun-25,24-Nov-29,6516
                                ,15,Wilkinson Street,S10 2GA,8,07-Oct-21,08-Mar-26,5489
                                ,33,Wilkinson Street,S10 2GB,9,25-Jul-22,24-Aug-26,5882
                                ,56,Wilkinson Street,S10 2GJ,7,06-Aug-21,15-Nov-25,5416
                                ,61,Wilkinson Street,S10 2GJ,9,28-Apr-21,14-Nov-25,5219
Grieg House                     ,66,Wilkinson Street,S10 2GJ,9,04-Jul-22,12-Oct-25,5850
                                ,6a,Wilkinson Street,S10 2GA,6,05-Jan-23,04-Jan-28,6116
                                ,6B,Wilkinson Street,S10 2GA,6,05-Jan-23,04-Jan-28,6117
                                ,99,William Street,S10 2BZ,8,02-Dec-22,01-Dec-27,6071
                                ,101,William Street,S10 2BZ,7,23-Nov-23,11-Sep-28,6276
                                ,126,William Street,S10 2BZ,5,28-Apr-21,08-Feb-26,5216
                                ,1,Wiseton Road,S11 8SB,8,10-Nov-22,07-Dec-25,6002
                                ,13,Wood Road,S6 4LU,5,07-May-24,11-Jan-29,6401
                                ,73,Woodseats Road,S8 0PH,5,05-Jul-22,26-Mar-27,5857
                                ,63,Woodstock Road,S7 1HA,6,26-Oct-21,18-Aug-26,5507
                                ,34-40,Worksop Road,S9 3TJ,11,12-Aug-21,31-Mar-26,5424
                                ,24,Wostenholm Road,S7 1LJ,10,20-Apr-20,29-Nov-25,5197
                                ,69,Wostenholm Road,S7 1LE,5,25-Nov-20,26-Nov-25,4910
